cell_line,n_eigs_total,n_eigs_nontrivial,spectral_l2_to_topology,spectral_rel_l2_to_topology,subspace_distance_to_topology,eig_1,eig_2,eig_3,eig_4,eig_5,eig_6,eig_7,eig_8,eig_9,eig_10,eig_11,eig_12,eig_13,eig_14,eig_15,eig_16,eig_17,eig_18,eig_19,eig_20,eig_21,eig_22,eig_23,eig_24,eig_25,eig_26,eig_27,eig_28,eig_29,eig_30,eig_31,eig_32,eig_33,eig_34,eig_35,eig_36,eig_37,eig_38,eig_39,eig_40,eig_41,eig_42,eig_43,eig_44,eig_45,eig_46,eig_47,eig_48,eig_49,eig_50,eig_nontrivial_1,eig_nontrivial_2,eig_nontrivial_3,eig_nontrivial_4,eig_nontrivial_5,eig_nontrivial_6,eig_nontrivial_7,eig_nontrivial_8,eig_nontrivial_9,eig_nontrivial_10,eig_nontrivial_11,eig_nontrivial_12,eig_nontrivial_13,eig_nontrivial_14,eig_nontrivial_15,eig_nontrivial_16,eig_nontrivial_17,eig_nontrivial_18,eig_nontrivial_19,eig_nontrivial_20,eig_nontrivial_21,eig_nontrivial_22,eig_nontrivial_23,eig_nontrivial_24,eig_nontrivial_25,eig_nontrivial_26,eig_nontrivial_27,eig_nontrivial_28,eig_nontrivial_29,eig_nontrivial_30,eig_nontrivial_31,eig_nontrivial_32,eig_nontrivial_33,eig_nontrivial_34,eig_nontrivial_35,eig_nontrivial_36,eig_nontrivial_37,eig_nontrivial_38,eig_nontrivial_39,eig_nontrivial_40,eig_nontrivial_41,eig_nontrivial_42,eig_nontrivial_43,eig_nontrivial_44,eig_nontrivial_45,eig_nontrivial_46,eig_nontrivial_47,eig_nontrivial_48,eig_nontrivial_49,eig_nontrivial_50
BR:MCF7,50,22,7.359100313885527,7.359100313885527,3.0883460566677456e-08,-2.1148030477963382e-09,-1.2917173515709923e-10,-1.0377175866922803e-10,-9.456303848417915e-11,-3.027203395724806e-11,-2.993762021326427e-11,-2.2711819594066138e-11,-1.3088202573054326e-11,-1.254100836579116e-11,-1.027332608089307e-11,-5.837097908430351e-12,-3.084651119060998e-12,-2.9188083563612063e-12,-1.5029546617667533e-13,7.765078456536262e-13,2.185546136971618e-12,3.712334300100088e-12,6.563120869256672e-12,9.901393412310201e-12,1.1430357013545236e-11,1.619553997205328e-11,2.0243260897851584e-11,2.9425078869262274e-11,3.056183442168986e-11,3.1782682253156044e-11,6.069960274701375e-11,1.4291728603788457e-10,2.4538508352274935e-09,9.061349733773779e-05,0.000748968761193564,0.0012923794768689206,0.00293055778754051,0.004011303573383449,0.005192376801316712,0.0064431816574557,0.006663113189587627,0.00669853301066086,0.0069276270264664,0.007496704830895675,0.00755501840689549,0.008141763644459926,0.008583107423910101,0.00923574910995376,0.01419887748841435,0.014289210576378808,0.014488832993710857,0.014668032843012971,0.01842482928994925,0.018473396616773417,0.01901576426135429,9.061349733773779e-05,0.000748968761193564,0.0012923794768689206,0.00293055778754051,0.004011303573383449,0.005192376801316712,0.0064431816574557,0.006663113189587627,0.00669853301066086,0.0069276270264664,0.007496704830895675,0.00755501840689549,0.008141763644459926,0.008583107423910101,0.00923574910995376,0.01419887748841435,0.014289210576378808,0.014488832993710857,0.014668032843012971,0.01842482928994925,0.018473396616773417,0.01901576426135429,,,,,,,,,,,,,,,,,,,,,,,,,,,,
BR:MDA-MB-231,50,3,0.9999816544880464,0.9999816544880464,0.671978631504198,-2.6336811610695385e-11,-2.4950765452748207e-11,-1.915077975757698e-11,-1.5196078634793428e-11,-1.4003747895443772e-11,-6.495296786318203e-12,-5.729696380438014e-12,-5.517198595770059e-12,-5.091352103911602e-12,-4.808050902945296e-12,-4.739762822134584e-12,-4.697072185410114e-12,-4.164678028980261e-12,-3.710353340758213e-12,-2.6667555696243544e-12,-2.0830330461820562e-12,-1.1709530101187277e-12,-7.85129773694937e-13,-3.773317921139385e-13,-3.6077109182020006e-13,-2.9250240467584843e-13,-2.1075331692495258e-13,-2.0478720986778082e-13,-1.5848311703779705e-13,-1.0612089549125181e-13,-4.9678414593828935e-15,2.0309817196084712e-14,3.7386801011833615e-14,1.1853286906692018e-13,1.4678467046436855e-13,2.8734486849386204e-13,3.352596385187631e-13,7.142522521780964e-13,9.180806207495854e-13,1.3629710560051148e-12,2.5107245655350136e-12,2.5244974974402215e-12,2.6921267678222532e-12,3.2013934417925854e-12,4.225798137520546e-12,4.757152327226552e-12,7.600443020718169e-12,1.040890718886564e-11,1.2367995896097467e-11,2.1268915041715644e-11,3.595554229514613e-11,6.308866470417559e-11,1.252636514615735e-10,1.6573586389195209e-09,9.062482765259523e-05,1.252636514615735e-10,1.6573586389195209e-09,9.062482765259523e-05,,,,,,,,,,,,,,,,,,,,,,,,,,,,,,,,,,,,,,,,,,,,,,,
BR:HS 578T,50,15,7.344302173798834,7.344302173798834,2.344591953917785e-08,-4.77090440856873e-10,-2.193140111791253e-10,-9.520960139264376e-11,-8.456976462981221e-11,-6.481322837909205e-11,-4.0932561851179765e-11,-2.5226394351251027e-11,-1.6862862980428737e-11,-1.3955842015876685e-11,-8.43691212542002e-12,-6.546047138047441e-12,-3.6719076672471485e-12,-2.8814678914397193e-12,-2.2959944085939113e-12,-1.4067123117397773e-12,-6.743291905766946e-13,5.709124037238389e-15,1.340177968600642e-13,5.865105222237904e-13,7.358000249672522e-13,1.8472570478475503e-12,2.6507377971210153e-12,3.1257628728192585e-12,3.816724090640114e-12,5.40865656840743e-12,9.477002841339066e-12,2.6443801521332938e-11,2.8393431675917055e-11,4.378891905109858e-11,4.4978370718684255e-11,4.6550499755880145e-11,6.763515485522231e-11,1.2788439262363584e-10,1.3880277251198964e-10,4.75225661272327e-10,9.064702639387775e-05,0.0007476146347542239,0.0012921160983681728,0.0028529923087418562,0.004044564485611756,0.005187481165118162,0.006433172396187313,0.006662061607585165,0.0066968697173693924,0.0069184054765359,0.0074483404430151995,0.007579803622684026,0.008189126572148677,0.008649925583765589,0.009187688363422705,9.064702639387775e-05,0.0007476146347542239,0.0012921160983681728,0.0028529923087418562,0.004044564485611756,0.005187481165118162,0.006433172396187313,0.006662061607585165,0.0066968697173693924,0.0069184054765359,0.0074483404430151995,0.007579803622684026,0.008189126572148677,0.008649925583765589,0.009187688363422705,,,,,,,,,,,,,,,,,,,,,,,,,,,,,,,,,,,
BR:BT-549,50,22,7.321835638163888,7.321835638163888,2.974345669759515e-08,-1.486982856901205e-09,-1.59133562054113e-10,-4.49351532816767e-11,-2.7245743042334652e-11,-2.4141763105755762e-11,-1.9098327194884412e-11,-1.4251471286723036e-11,-1.14806692527291e-11,-8.88004111161602e-12,-7.323355585690285e-12,-6.837340304935262e-12,-6.419884399479561e-12,-2.0906179077403303e-12,-8.006048488008385e-13,-3.567570772220613e-13,1.7867532269271597e-12,4.445487313225853e-12,5.776570126641949e-12,6.2690866359889005e-12,1.0465303862221276e-11,1.2404688157197606e-11,1.6257502180420935e-11,1.8142079283084075e-11,2.6044220613149517e-11,2.9676586451384164e-11,4.311256261929977e-11,1.570447925348939e-10,1.5211410711222194e-09,9.061929665397274e-05,0.0007455695413407409,0.0012869860604815802,0.0028900012134609712,0.003966388291573896,0.005182544760670833,0.006258265852479326,0.006476968185291446,0.0066935752072211875,0.006838784985233715,0.00745021943536034,0.0075782636185788045,0.008162885727823097,0.008621588713392078,0.009179422056827487,0.013850922696921758,0.014250898991671932,0.01433944504373207,0.014503044494087914,0.017604124667898232,0.018425175248236947,0.018782187589056455,9.061929665397274e-05,0.0007455695413407409,0.0012869860604815802,0.0028900012134609712,0.003966388291573896,0.005182544760670833,0.006258265852479326,0.006476968185291446,0.0066935752072211875,0.006838784985233715,0.00745021943536034,0.0075782636185788045,0.008162885727823097,0.008621588713392078,0.009179422056827487,0.013850922696921758,0.014250898991671932,0.01433944504373207,0.014503044494087914,0.017604124667898232,0.018425175248236947,0.018782187589056455,,,,,,,,,,,,,,,,,,,,,,,,,,,,
BR:T-47D,50,22,7.3558326452304295,7.3558326452304295,3.4883455679590725e-08,-2.598849271011729e-09,-9.196706327800445e-11,-5.241684465488207e-11,-3.791794729222052e-11,-3.299136296455469e-11,-2.5707971396202872e-11,-2.2207666234381682e-11,-2.0152486274248142e-11,-1.3269075251000524e-11,-9.232816618989954e-12,-5.771693547900435e-12,-1.5661550967780227e-12,-8.68853030971603e-13,-4.116266518177508e-13,4.028053254443928e-13,3.5580886923857608e-12,1.2168873629028396e-11,1.469991008529615e-11,1.8804288353757408e-11,2.2436068709266385e-11,2.7368969205765828e-11,3.4787233979386746e-11,3.562746813876288e-11,6.035578570403547e-11,7.446252405093282e-11,7.984258204943046e-11,9.911924402181572e-11,2.6544516646456176e-09,9.071988243232004e-05,0.0007486561217801665,0.0012976429561706018,0.002943251711876473,0.0040621269187290955,0.0051933179665254875,0.0064581805503104465,0.006687286447556285,0.006698362544878709,0.00694075641007628,0.007523371320996117,0.007595992581611124,0.008153613064994536,0.008608401486506686,0.009228620045849288,0.014230633019472166,0.014361522865056592,0.014526621944334975,0.01458813941283766,0.018390539357192526,0.018558904654301104,0.01924465720076967,9.071988243232004e-05,0.0007486561217801665,0.0012976429561706018,0.002943251711876473,0.0040621269187290955,0.0051933179665254875,0.0064581805503104465,0.006687286447556285,0.006698362544878709,0.00694075641007628,0.007523371320996117,0.007595992581611124,0.008153613064994536,0.008608401486506686,0.009228620045849288,0.014230633019472166,0.014361522865056592,0.014526621944334975,0.01458813941283766,0.018390539357192526,0.018558904654301104,0.01924465720076967,,,,,,,,,,,,,,,,,,,,,,,,,,,,
CNS:SF-268,50,15,7.317774149503937,7.317774149503937,1.9961150066194477e-08,-4.270844461504858e-10,-9.188473402011853e-11,-8.655584116199627e-11,-7.867307101464861e-11,-5.917961089165098e-11,-5.690819400460713e-11,-1.5746241062344207e-11,-1.0115518435361258e-11,-8.676464481236455e-12,-7.1066819421448935e-12,-4.634885764033189e-12,-4.546218558402516e-12,-2.6845804225461567e-12,-2.3872593897349137e-12,-2.2879602129977777e-12,-1.434132340335549e-12,-1.1122477315246918e-12,-2.795089328174946e-13,-1.06716352876908e-13,7.684350660126793e-14,4.4918028443887564e-13,6.89662099672729e-13,7.33585582687532e-13,1.4577981969363454e-12,2.9586138497895292e-12,6.9824389597062525e-12,8.973676890542542e-12,1.9760211628322248e-11,2.426159142023595e-11,6.099907501311806e-11,7.087850785621446e-11,8.209406533743208e-11,9.701909971747674e-11,1.5044066036321024e-10,3.9825211342961204e-10,9.06058942401318e-05,0.0007452009808454227,0.0012791796856086886,0.002864261507467942,0.004052476158426867,0.005193177350100826,0.0063776983866337105,0.006615391134517401,0.0066999376698886545,0.0068545090619173115,0.0074435004317518275,0.00757741714176841,0.008248841383526214,0.008631282499675283,0.00916256753259865,9.06058942401318e-05,0.0007452009808454227,0.0012791796856086886,0.002864261507467942,0.004052476158426867,0.005193177350100826,0.0063776983866337105,0.006615391134517401,0.0066999376698886545,0.0068545090619173115,0.0074435004317518275,0.00757741714176841,0.008248841383526214,0.008631282499675283,0.00916256753259865,,,,,,,,,,,,,,,,,,,,,,,,,,,,,,,,,,,
CNS:SF-295,50,6,0.9999984311261929,0.9999984311261929,0.7869150791791784,-1.0726789361408884e-09,-1.445952091784844e-10,-1.1842355398985604e-10,-1.0284037395269768e-10,-8.560374807555123e-11,-5.613307515746173e-11,-3.051809387068661e-11,-1.0938973346390733e-11,-9.420378309344356e-12,-7.086265873135905e-12,-5.61402630654996e-12,-5.528310190812576e-12,-4.797256464143286e-12,-2.824402238238606e-12,-2.48411762080597e-12,-1.6654110816111123e-12,-1.4065924396370819e-12,-7.771068402488701e-13,-5.851823745624957e-13,-3.339611031293044e-13,-2.9335838229102573e-13,-1.0140988797400358e-13,3.023208311296599e-14,1.093137218114229e-13,1.7849697414584753e-13,1.9118761478489898e-13,4.660339497121468e-13,5.476439749818943e-13,8.563633607577489e-13,1.1017732814413636e-12,1.3443117062236776e-12,1.8913609963139635e-12,2.3649341220153414e-12,2.562029635753277e-12,2.566794148647737e-12,3.794332835665819e-12,4.2128350504280765e-12,8.423301051346636e-12,1.5068009787491156e-11,1.639152855603069e-11,2.9028256645744106e-11,3.3661756921373603e-11,4.518064108873388e-11,6.809702030507927e-11,9.395111617393863e-11,1.417338896258797e-10,1.4524983712809695e-10,1.527824837943472e-10,1.0063528130531971e-09,9.069010033233566e-05,9.395111617393863e-11,1.417338896258797e-10,1.4524983712809695e-10,1.527824837943472e-10,1.0063528130531971e-09,9.069010033233566e-05,,,,,,,,,,,,,,,,,,,,,,,,,,,,,,,,,,,,,,,,,,,,
CNS:SNB-19,50,22,7.328915866240662,7.328915866240662,2.094255446838389e-08,-6.042043995116084e-09,-8.493687849678733e-10,-1.379901616555641e-10,-1.2651741727019456e-10,-3.0869115789466765e-11,-1.3004292697478721e-11,-7.377339109613038e-12,-5.512164035219487e-12,-4.715910794468245e-12,-4.251963337626938e-12,-1.5267210781190477e-12,-1.0326845579838526e-12,-5.058492958277122e-13,1.0637206447703523e-13,2.273678261725115e-12,2.991209629163785e-12,3.2891343864022496e-12,3.8509832800924515e-12,5.9355969981743015e-12,9.006944482240452e-12,1.2156932443141075e-11,1.315734341953128e-11,2.668787399732163e-11,2.7232849222208477e-11,8.80284978347105e-11,1.598720769484252e-10,1.8501524827972942e-10,5.673462356991653e-09,9.060386365268274e-05,0.0007462173934339605,0.001291477668955031,0.00285820429981728,0.004042665854086305,0.005193338329338746,0.006368266447155274,0.006586389616840842,0.006700947147817204,0.006851002765013817,0.007444921685042832,0.007579311603908804,0.008217933899807784,0.00861980824287555,0.009153187779485832,0.014065348719170109,0.014257284628753778,0.014345042792260976,0.014520681135073665,0.0182800118982667,0.018407145080388994,0.01897707731660205,9.060386365268274e-05,0.0007462173934339605,0.001291477668955031,0.00285820429981728,0.004042665854086305,0.005193338329338746,0.006368266447155274,0.006586389616840842,0.006700947147817204,0.006851002765013817,0.007444921685042832,0.007579311603908804,0.008217933899807784,0.00861980824287555,0.009153187779485832,0.014065348719170109,0.014257284628753778,0.014345042792260976,0.014520681135073665,0.0182800118982667,0.018407145080388994,0.01897707731660205,,,,,,,,,,,,,,,,,,,,,,,,,,,,
CNS:SNB-75,50,3,0.9999789497681947,0.9999789497681947,0.7351638101324338,-2.1769050117755907e-11,-1.7030348173894573e-11,-1.3083047245934266e-11,-1.0140488993751369e-11,-6.610796532044959e-12,-6.222728170419967e-12,-4.996386022471967e-12,-4.821852024106989e-12,-4.76421235361818e-12,-4.659684869402249e-12,-4.530179264486053e-12,-4.510981865823993e-12,-3.1815977397141662e-12,-2.8601849621362474e-12,-8.862827870692244e-13,-8.406450042368688e-13,-6.624062057333444e-13,-6.190847666323954e-13,-2.1622628817649647e-13,-2.1463820304434833e-13,-1.6577852372107182e-13,-8.16074096320063e-14,-2.319056947343301e-14,-7.339764104656588e-15,2.996410899350904e-14,3.2500749053837596e-14,3.836103797897478e-14,6.301629682479992e-14,8.807841608837741e-14,1.1824257393523718e-13,1.835462933984927e-13,3.0157284005086216e-13,7.400570770348808e-13,8.966354676960553e-13,2.1679608114147722e-12,2.4800241612936424e-12,2.543340267124189e-12,2.6803648412116257e-12,4.109808847407859e-12,5.3320198598180366e-12,5.7642191258859554e-12,1.0178697091461388e-11,1.124717681456281e-11,1.1852398633404627e-11,1.8352655387163935e-11,3.2379271979561183e-11,5.377585418522672e-11,1.951324917349572e-10,1.901706619828196e-09,9.063185469636172e-05,1.951324917349572e-10,1.901706619828196e-09,9.063185469636172e-05,,,,,,,,,,,,,,,,,,,,,,,,,,,,,,,,,,,,,,,,,,,,,,,
CNS:U251,50,3,0.9999874161169944,0.9999874161169944,0.7315311419913024,-8.201646244207668e-12,-6.978538108709867e-12,-6.519196166514425e-12,-5.52523132769326e-12,-4.952259224444769e-12,-4.784794766345482e-12,-4.75861708436158e-12,-4.754219289299436e-12,-4.695570660268912e-12,-4.227424576304546e-12,-1.6511902793409777e-12,-1.5999178707131606e-12,-1.016306288258162e-12,-7.508729017247431e-13,-6.012923991181862e-13,-3.138505351874682e-13,-2.3682539761725463e-13,-2.144774565197502e-13,-1.9935078978197684e-13,-1.4505939309981952e-13,-1.244554318543395e-14,-4.042407142530735e-15,-1.0662450740037133e-15,1.2093597607717999e-15,1.1847212664020668e-14,3.619800043475757e-14,1.201953982307366e-13,2.596176854226251e-13,4.82351043330255e-13,6.074713892719255e-13,7.904710414875782e-13,8.270637186181748e-13,9.508980246004245e-13,2.3419209957799628e-12,2.3873239539742852e-12,2.5195846114784565e-12,2.519722996333247e-12,2.5629218528260694e-12,4.573904568896253e-12,5.973082122770652e-12,7.628893109140437e-12,1.595819640711274e-11,1.7827609600693482e-11,2.2295468558386836e-11,2.4723352407213586e-11,3.8546223464085323e-11,6.515189334755679e-11,1.2305034374521674e-10,1.136845065202491e-09,9.061476144224832e-05,1.2305034374521674e-10,1.136845065202491e-09,9.061476144224832e-05,,,,,,,,,,,,,,,,,,,,,,,,,,,,,,,,,,,,,,,,,,,,,,,
CO:COLO 205,50,22,7.326917267154044,7.326917267154044,3.7844217093407906e-08,-8.400543933297913e-10,-6.410733543408403e-11,-5.432668792365765e-11,-4.809735593201518e-11,-3.328038578498827e-11,-2.5389346942667097e-11,-2.216315664522496e-11,-1.6715649074324282e-11,-1.461352626365084e-11,-1.4188094058995016e-11,-1.2049848396649895e-11,-6.704860191358852e-12,-4.428288695478878e-12,-3.727003812991833e-12,-7.14884301387074e-13,2.240802500692342e-12,3.1566273846119625e-12,8.853558091195292e-12,1.2830713474651888e-11,1.4339727430652538e-11,1.5535461168913502e-11,2.4277757511596484e-11,3.253356773162599e-11,5.6122059947992346e-11,5.864992852814242e-11,6.17328303818658e-11,6.742788765485772e-11,8.777867598367892e-10,9.068381161621465e-05,0.0007460240699594325,0.0013034810449407855,0.002942758609504052,0.003970323763013101,0.0051898482764383145,0.006377724016749498,0.006614246047910863,0.006695753080428705,0.0068448684186418,0.007504885262293075,0.007561340335519622,0.008102893971422373,0.008661929695255704,0.009221362940162538,0.014068775631802064,0.014260630591500265,0.014317686750354148,0.01459874743488195,0.0180898118710717,0.018541524235737936,0.018832302177350962,9.068381161621465e-05,0.0007460240699594325,0.0013034810449407855,0.002942758609504052,0.003970323763013101,0.0051898482764383145,0.006377724016749498,0.006614246047910863,0.006695753080428705,0.0068448684186418,0.007504885262293075,0.007561340335519622,0.008102893971422373,0.008661929695255704,0.009221362940162538,0.014068775631802064,0.014260630591500265,0.014317686750354148,0.01459874743488195,0.0180898118710717,0.018541524235737936,0.018832302177350962,,,,,,,,,,,,,,,,,,,,,,,,,,,,
CO:HCC-2998,50,4,0.9999978371022435,0.9999978371022435,0.7432702512054827,-4.31292293139084e-11,-3.818855176746308e-11,-2.987056671346737e-11,-1.5608506701752026e-11,-9.36033432567037e-12,-6.295051312903491e-12,-5.438385581712363e-12,-4.75343526205093e-12,-4.741596424848692e-12,-4.670102331108886e-12,-4.545803973044285e-12,-3.956757339308725e-12,-3.647615507708889e-12,-2.6841367534646485e-12,-2.5722756850964437e-12,-2.1864389639081327e-12,-1.173953946206896e-12,-1.1557292124188268e-12,-1.1198462811353935e-12,-5.915690436423746e-13,-4.228574819941863e-13,-3.4435885946145633e-13,-1.5337991293717934e-13,-5.52991626014826e-14,-3.938036420396418e-14,-3.4750346589000614e-14,-5.3743766164834894e-15,6.516502290034032e-15,3.594290121609889e-14,7.396742994578848e-14,1.2846689857737292e-13,1.76166833941796e-13,4.674599466195084e-13,6.41246374034031e-13,1.0867091325113612e-12,1.1538947694480356e-12,2.481411845206734e-12,2.5677645773547475e-12,2.5747683065485694e-12,4.256953242600531e-12,5.226635110496848e-12,9.403348230825094e-12,1.0212274195774487e-11,3.3443991608213264e-11,3.5401887787923046e-11,4.28882977716134e-11,1.2119824322745151e-10,1.9539875571522244e-10,2.1826151605194074e-09,9.05514918772726e-05,1.2119824322745151e-10,1.9539875571522244e-10,2.1826151605194074e-09,9.05514918772726e-05,,,,,,,,,,,,,,,,,,,,,,,,,,,,,,,,,,,,,,,,,,,,,,
CO:HCT-116,50,22,7.320079361111035,7.320079361111035,3.110437596376414e-08,-3.985877566425964e-09,-2.5796391371212153e-10,-1.741944190752692e-10,-7.671526967552387e-11,-3.6878218455881594e-11,-1.948519507365392e-11,-8.78508482865352e-12,-6.585764811099792e-12,-3.974982181517012e-12,-1.7974580564196138e-12,-1.244948209192659e-12,-7.538422333195835e-13,6.298341161765572e-13,1.2172687581220656e-12,1.6534089635616978e-12,2.6680395360471204e-12,6.131576027620066e-12,8.600669709844105e-12,1.668273570502865e-11,2.243975763939563e-11,2.2749617904012538e-11,3.911038656020764e-11,3.985912218774229e-11,4.4496390635127316e-11,1.3483130967782957e-10,1.5780921605286838e-10,3.2178841911239837e-10,4.03611391953506e-09,9.059278434282885e-05,0.0007454130332756888,0.0012750776855090264,0.0029341492694678283,0.003928711317064537,0.0051851304872820745,0.006373481599242275,0.006564973802005586,0.006690085757264681,0.00688961346076547,0.007503777944510971,0.007565023178536441,0.008130861341994838,0.00849030862034643,0.009229143861738424,0.014038570148989116,0.01421267393025177,0.014323880073847734,0.014518078750454412,0.017732270896209202,0.01839910525257169,0.01863122443067127,9.059278434282885e-05,0.0007454130332756888,0.0012750776855090264,0.0029341492694678283,0.003928711317064537,0.0051851304872820745,0.006373481599242275,0.006564973802005586,0.006690085757264681,0.00688961346076547,0.007503777944510971,0.007565023178536441,0.008130861341994838,0.00849030862034643,0.009229143861738424,0.014038570148989116,0.01421267393025177,0.014323880073847734,0.014518078750454412,0.017732270896209202,0.01839910525257169,0.01863122443067127,,,,,,,,,,,,,,,,,,,,,,,,,,,,
CO:HCT-15,50,22,7.336118172315561,7.336118172315561,2.261256459856753e-08,-3.2543339255358293e-09,-2.847171321949081e-10,-1.3689508298372465e-10,-8.50714258965931e-11,-5.2242921089445254e-11,-3.322938210942143e-11,-2.853727838888695e-11,-2.48193738917055e-11,-1.634205005476494e-11,-1.3703861708055064e-11,-8.13002573249455e-12,-4.979927115209698e-12,-2.1761188228990036e-12,-2.1000369547713796e-12,-1.2841903918297398e-12,-6.882248406153008e-14,1.9363673262485365e-13,1.7149196965922028e-12,3.881558418325319e-12,4.321351829432614e-12,9.015046332052148e-12,1.858607507536445e-11,2.5618904431678677e-11,2.927726325805714e-11,1.165241305273743e-10,1.2324487402306204e-10,1.3915581171088445e-10,3.174993059112366e-09,9.054917492388221e-05,0.0007468817775120635,0.0012911391444668597,0.002931457393790894,0.003923873895920239,0.005188168877497956,0.006381853553644117,0.006652293360035259,0.006690109874094874,0.006845691437609845,0.007493853081600074,0.007575229334594029,0.007997922588016812,0.008542057780035603,0.009191124879215197,0.014053500020040844,0.014228719701162074,0.014348739408682115,0.01465476425335464,0.01826089307313218,0.018382161876051073,0.018649072161414072,9.054917492388221e-05,0.0007468817775120635,0.0012911391444668597,0.002931457393790894,0.003923873895920239,0.005188168877497956,0.006381853553644117,0.006652293360035259,0.006690109874094874,0.006845691437609845,0.007493853081600074,0.007575229334594029,0.007997922588016812,0.008542057780035603,0.009191124879215197,0.014053500020040844,0.014228719701162074,0.014348739408682115,0.01465476425335464,0.01826089307313218,0.018382161876051073,0.018649072161414072,,,,,,,,,,,,,,,,,,,,,,,,,,,,
CO:HT29,50,2,0.0028107997473860074,0.0028107997473860074,2.0125034971840705e-08,-1.9252892886185112e-11,-1.489844743884569e-11,-1.3071972540870669e-11,-1.3007690329589275e-11,-6.894525179717767e-12,-6.580183948179559e-12,-5.367158499862586e-12,-5.1232733740093e-12,-4.7556698975961126e-12,-4.730885469613963e-12,-4.66317944273955e-12,-4.492028575281068e-12,-3.818784400028488e-12,-3.6072021292275075e-12,-3.3593364228605774e-12,-2.998669861682332e-12,-1.147528280081092e-12,-1.068372210903494e-12,-3.4185276679733756e-13,-2.37415488202157e-13,-2.1592908125596388e-13,-1.5000605195925748e-13,-4.6457127966630096e-14,-1.7454164199029454e-14,-1.6705387073656652e-15,7.52233019797599e-16,1.1430364033754303e-14,1.4696238475296608e-14,4.577942029366372e-14,1.527209213042155e-13,3.6401025423071776e-13,9.82463784805765e-13,1.1834960637370495e-12,1.6349003043297089e-12,1.8187716279869856e-12,2.5184352623079317e-12,2.5607726253070243e-12,2.741875777530038e-12,2.98341833551187e-12,3.3317058150978546e-12,6.6484144171973306e-12,7.237108739436941e-12,1.1930275940329887e-11,1.5253161513256557e-11,2.274445508234496e-11,2.335390596728583e-11,2.5521910499153207e-11,2.8957246024858066e-11,1.144005508271588e-09,9.059532257854254e-05,1.144005508271588e-09,9.059532257854254e-05,,,,,,,,,,,,,,,,,,,,,,,,,,,,,,,,,,,,,,,,,,,,,,,,
CO:KM12,50,22,7.31158560195738,7.31158560195738,2.4828255673625677e-08,-7.600174000885716e-10,-1.0892471879976259e-10,-9.50239965381329e-11,-8.739285679946075e-11,-8.188676638349636e-11,-5.7720459325800305e-11,-2.4940889211213547e-11,-2.1069532810070665e-11,-1.8706386279939737e-11,-1.2009156432420294e-11,-6.791363979974548e-12,-3.7015056682720635e-12,-1.6024827542400824e-12,-1.4122413904537473e-12,-1.456788249060148e-15,1.3735601875732376e-12,2.9615983873198387e-12,5.899599276985856e-12,8.05734611788924e-12,1.5065742802063652e-11,1.5609938092565195e-11,2.1186798016404988e-11,2.7952422291415736e-11,4.522399403746047e-11,5.036282426252453e-11,5.88930304263463e-11,9.141374969815451e-11,8.091679316472649e-10,9.05870921016136e-05,0.0007446391717598319,0.0013003465644844613,0.002941100769280762,0.0039578493725126,0.005188414355313422,0.006455458053816408,0.006645184065980542,0.0066957670321806245,0.006967169874723257,0.007512826607981669,0.007570531865290555,0.008073876369528828,0.00860383500550906,0.009241361216429652,0.01421127936642767,0.014307979460156913,0.01440426284019744,0.014555415596912617,0.018057843232989822,0.018460496417612243,0.01878162955147324,9.05870921016136e-05,0.0007446391717598319,0.0013003465644844613,0.002941100769280762,0.0039578493725126,0.005188414355313422,0.006455458053816408,0.006645184065980542,0.0066957670321806245,0.006967169874723257,0.007512826607981669,0.007570531865290555,0.008073876369528828,0.00860383500550906,0.009241361216429652,0.01421127936642767,0.014307979460156913,0.01440426284019744,0.014555415596912617,0.018057843232989822,0.018460496417612243,0.01878162955147324,,,,,,,,,,,,,,,,,,,,,,,,,,,,
CO:SW-620,50,22,7.341178521576081,7.341178521576081,2.126075482333789e-08,-2.692946141633675e-09,-2.3106976052077004e-10,-6.318438216482581e-11,-5.945445839209557e-11,-2.4203700824706846e-11,-1.8894571454305953e-11,-1.2658718637117289e-11,-8.222136797905906e-12,-6.901980560431592e-12,-4.615475563589724e-12,-2.397089186759009e-12,-2.2260954473003747e-12,4.6631264388058424e-15,5.579313866379415e-14,8.339508825259273e-13,2.81271788629342e-12,3.879350657441487e-12,4.270556456208163e-12,1.1376135005802118e-11,1.1488628706137968e-11,1.4576345677892212e-11,2.5442837615387293e-11,2.911376399835318e-11,3.1059282505933525e-11,4.5192967071524745e-11,5.871962104378979e-11,1.3886145681127164e-10,2.8615584158551673e-09,9.061500661511605e-05,0.0007473341845396086,0.0012928419333353182,0.002926965859734499,0.0039769045479390065,0.005185831898334798,0.006414113999264447,0.006599560943595211,0.006690536798601992,0.006982051697704672,0.007486464343299845,0.007577849363042277,0.007969166698324174,0.008513609063177531,0.009219343641630963,0.014153435660238241,0.014324545852124266,0.014463951698201336,0.014545383020314875,0.018001441267540413,0.018382942194506112,0.01885104796353544,9.061500661511605e-05,0.0007473341845396086,0.0012928419333353182,0.002926965859734499,0.0039769045479390065,0.005185831898334798,0.006414113999264447,0.006599560943595211,0.006690536798601992,0.006982051697704672,0.007486464343299845,0.007577849363042277,0.007969166698324174,0.008513609063177531,0.009219343641630963,0.014153435660238241,0.014324545852124266,0.014463951698201336,0.014545383020314875,0.018001441267540413,0.018382942194506112,0.01885104796353544,,,,,,,,,,,,,,,,,,,,,,,,,,,,
LE:CCRF-CEM,50,15,7.3242100834760375,7.3242100834760375,3.5499031492136623e-08,-7.68182979791858e-10,-9.441980033388867e-11,-6.428698392580475e-11,-4.761224799295326e-11,-3.814811793821822e-11,-3.4771370854770785e-11,-2.6410418434998605e-11,-1.0795608357998601e-11,-1.0198392342208526e-11,-6.64805653561272e-12,-6.046419251783466e-12,-5.141800491783276e-12,-4.082483713607234e-12,-3.1116123810600096e-12,-1.4828776498821555e-12,-1.42030694659772e-12,-1.168982445565181e-12,-6.842255576141806e-13,-1.4547986025483656e-13,1.8903106890118954e-13,1.0315045394443736e-12,1.4168151921860675e-12,1.8426447162805254e-12,2.034271703995824e-12,3.2895524954175415e-12,8.681152666297973e-12,9.26735978809632e-12,1.0340632118480998e-11,1.999307911880379e-11,2.0132891339307013e-11,2.6684361317808047e-11,3.118998791607885e-11,5.630046525284451e-11,7.759183813310037e-11,8.525029678360793e-10,9.058833480612646e-05,0.0007457903730512212,0.0012896789515982046,0.002932910427598412,0.004043381508809996,0.005182749789963804,0.00643640443501313,0.00661483056874894,0.006693638755805984,0.0069700389280508285,0.00750967661900411,0.007577672760405868,0.008148778766443423,0.008569080321702909,0.009253502349635933,9.058833480612646e-05,0.0007457903730512212,0.0012896789515982046,0.002932910427598412,0.004043381508809996,0.005182749789963804,0.00643640443501313,0.00661483056874894,0.006693638755805984,0.0069700389280508285,0.00750967661900411,0.007577672760405868,0.008148778766443423,0.008569080321702909,0.009253502349635933,,,,,,,,,,,,,,,,,,,,,,,,,,,,,,,,,,,
LE:HL-60(TB),50,4,0.9999984228386192,0.9999984228386192,0.7680073891957674,-4.2996642894308976e-11,-2.5981854417499867e-11,-1.9679498048513766e-11,-1.0942194253547172e-11,-1.0506699988656852e-11,-5.862171344054104e-12,-5.105375229020638e-12,-4.810583680535385e-12,-4.7453508949992645e-12,-4.151608012448529e-12,-3.0277501561698852e-12,-2.581018257734498e-12,-2.437001745151865e-12,-2.058969477119338e-12,-1.2133653456980475e-12,-1.1505752405514824e-12,-8.374296400640371e-13,-7.613439636762823e-13,-5.033804726132726e-13,-3.7989031950562413e-13,-2.2715779723816304e-13,-1.7311377483418544e-13,-1.285574159062483e-13,-5.985553578388009e-14,1.7076143559065227e-14,6.181695238159646e-14,2.3749035236216715e-13,5.047739976655682e-13,5.562353420744681e-13,7.598831096690753e-13,1.0661569283670902e-12,1.1681487483046482e-12,1.7331940190771361e-12,2.555717817280881e-12,2.57914458019759e-12,2.7833800260272656e-12,3.735491760749679e-12,4.472677667143911e-12,4.866842212981719e-12,6.0633796296555645e-12,6.98092118508499e-12,1.7152244861516792e-11,2.366370978562713e-11,2.7145016635410184e-11,3.566672677416793e-11,8.141518195562986e-11,9.066948312486979e-11,1.4248261129431138e-10,8.998285584260312e-10,9.065931542682923e-05,9.066948312486979e-11,1.4248261129431138e-10,8.998285584260312e-10,9.065931542682923e-05,,,,,,,,,,,,,,,,,,,,,,,,,,,,,,,,,,,,,,,,,,,,,,
LE:K-562,50,3,0.9999746101027102,0.9999746101027102,0.7438943765431614,-3.304011500970729e-11,-1.887108542618799e-11,-1.8700834758240796e-11,-1.8110975013533454e-11,-1.1686099408037692e-11,-5.881280176951199e-12,-4.9663650606270385e-12,-4.771751760000373e-12,-4.734506244084141e-12,-4.699382701554844e-12,-2.7645866824098364e-12,-2.3291549217747606e-12,-1.3548164462051995e-12,-1.0949236851388877e-12,-1.050540161589772e-12,-9.29141610655701e-13,-6.087936822414888e-13,-3.566167679084145e-13,-3.4661641233005996e-13,-1.2552499729749644e-13,-5.259460672969035e-14,-1.1920057497484537e-14,2.926283347581826e-14,4.0596744173802823e-14,4.474501010594961e-14,9.336150288193762e-14,2.4251661876611985e-13,3.268583185144988e-13,3.9673663930917674e-13,7.070239982668799e-13,1.0154134071115387e-12,2.1111962818145397e-12,2.5556038676325527e-12,2.580939260053705e-12,3.2827658506037055e-12,3.589259762342735e-12,7.17120374855388e-12,7.781001944108176e-12,8.952073877652698e-12,1.0448318086913287e-11,1.0737594217631943e-11,1.5353629839406392e-11,1.840949514684241e-11,2.9139938902069014e-11,4.8991790781009216e-11,6.405255251434698e-11,8.346931744960054e-11,1.42542129087566e-10,2.2937581684837234e-09,9.060922803769089e-05,1.42542129087566e-10,2.2937581684837234e-09,9.060922803769089e-05,,,,,,,,,,,,,,,,,,,,,,,,,,,,,,,,,,,,,,,,,,,,,,,
LE:MOLT-4,50,8,7.29830143709302,7.29830143709302,3.231692413674381e-08,-3.2960101263834187e-09,-3.905395956984876e-11,-3.464923028942239e-11,-2.6958228062519927e-11,-2.493391882123653e-11,-2.2871094517503028e-11,-2.0567351248219727e-11,-1.7137612482549455e-11,-1.0019722735971764e-11,-6.491767776009398e-12,-5.248516587162168e-12,-4.758639134323263e-12,-4.560446692589842e-12,-4.087538548738431e-12,-3.5046766920857064e-12,-2.1471493338734784e-12,-1.5493370882036991e-12,-1.0423594225174998e-12,-8.809745196802082e-13,-3.7466244570769774e-13,-5.890473113619177e-14,3.799553987410276e-14,1.3365418120121417e-12,1.3709932305096609e-12,1.4129758967680248e-12,1.5681429814612749e-12,2.574413555597732e-12,3.202313427993521e-12,3.6781710354349614e-12,4.2733346429599944e-12,5.0351933587227185e-12,5.907919647745417e-12,6.315155971943487e-12,9.69507807369041e-12,1.1704010861608022e-11,1.3204799219671513e-11,1.5757544656038944e-11,2.3672416904854145e-11,2.884233966298031e-11,4.1371056415189476e-11,4.921181410782408e-11,3.3327388928417563e-09,9.056196212437723e-05,0.0007434310785610678,0.0012964660341014094,0.002931288635142174,0.0038876098573318073,0.005179723812461902,0.006416026042298815,0.0065920043104563805,9.056196212437723e-05,0.0007434310785610678,0.0012964660341014094,0.002931288635142174,0.0038876098573318073,0.005179723812461902,0.006416026042298815,0.0065920043104563805,,,,,,,,,,,,,,,,,,,,,,,,,,,,,,,,,,,,,,,,,,
LE:RPMI-8226,50,22,7.350980082766985,7.350980082766985,3.28122852222279e-08,-1.5572241477801018e-09,-1.563206757505646e-10,-8.860944267284447e-11,-4.3308711868486616e-11,-3.063140840693472e-11,-3.033131684454949e-11,-1.8690283614406292e-11,-1.8136906229258495e-11,-1.739224829964709e-11,-1.1628481353829698e-11,-1.0555919379155905e-11,-9.60068239101372e-12,-4.04309939206534e-12,-2.3226994465145104e-12,-5.817797280168943e-13,1.5032423683657495e-12,3.5565454932235535e-12,6.1554528564111005e-12,6.810132048128831e-12,8.825456329825988e-12,1.4542615687520265e-11,2.8121327762622474e-11,3.032598565983705e-11,4.3767843854931356e-11,5.026536645409956e-11,5.275481344357933e-11,8.746268442025133e-11,1.7705367623275159e-09,9.063049197743503e-05,0.0007482259093685867,0.0012816960988554713,0.0029448105465577604,0.003917179218258981,0.005178127649634133,0.0064113970128435544,0.006591478609012167,0.006684433891059901,0.006933985212799704,0.007529206111180907,0.007578182309297329,0.008088580180012904,0.008589450475987108,0.009225567172181506,0.014190746379919279,0.014291446133699098,0.014373969585101613,0.014533633878258479,0.017967323521429955,0.01826877003898364,0.018573350437607127,9.063049197743503e-05,0.0007482259093685867,0.0012816960988554713,0.0029448105465577604,0.003917179218258981,0.005178127649634133,0.0064113970128435544,0.006591478609012167,0.006684433891059901,0.006933985212799704,0.007529206111180907,0.007578182309297329,0.008088580180012904,0.008589450475987108,0.009225567172181506,0.014190746379919279,0.014291446133699098,0.014373969585101613,0.014533633878258479,0.017967323521429955,0.01826877003898364,0.018573350437607127,,,,,,,,,,,,,,,,,,,,,,,,,,,,
LE:SR,50,15,7.371374152510401,7.371374152510401,3.2202400301883927e-08,-1.4170345204986322e-09,-1.7364269980116136e-10,-1.050735707615975e-10,-6.737887450671692e-11,-3.039649468814052e-11,-2.8304979914810582e-11,-1.6422369811686793e-11,-1.5114192192179805e-11,-1.4324470944257137e-11,-9.14040579878296e-12,-6.621363694966562e-12,-5.234080028659709e-12,-4.725923266005877e-12,-3.770901410679768e-12,-3.141694342829668e-12,-2.6706085259897705e-12,-9.912043245647456e-13,-3.4410240499008204e-13,1.7775168001995384e-13,8.291410228756027e-13,8.692863594748912e-13,1.8591201169683436e-12,2.173963483190211e-12,2.8600554812917983e-12,3.893304393611484e-12,7.279160415163584e-12,7.673591986443948e-12,7.856087091626107e-12,9.525907609920191e-12,1.7708827812360287e-11,2.519933609381516e-11,3.84331225698753e-11,6.634347917225131e-11,1.2084327767234674e-10,1.4116836635069815e-09,9.061474512875686e-05,0.0007500878526199938,0.0012893311252081664,0.0029348473384476813,0.003951778436833302,0.005180347154026167,0.006424817982541173,0.006605989295971395,0.006690153986139041,0.006937425564738536,0.007498533671900485,0.007554823479690215,0.008121491221709262,0.008573302605102586,0.009233607448588473,9.061474512875686e-05,0.0007500878526199938,0.0012893311252081664,0.0029348473384476813,0.003951778436833302,0.005180347154026167,0.006424817982541173,0.006605989295971395,0.006690153986139041,0.006937425564738536,0.007498533671900485,0.007554823479690215,0.008121491221709262,0.008573302605102586,0.009233607448588473,,,,,,,,,,,,,,,,,,,,,,,,,,,,,,,,,,,
ME:LOX IMVI,50,22,7.338861530172272,7.338861530172272,2.7489741594166617e-08,-3.6142598991775743e-09,-1.1773970168239226e-10,-5.922839050264382e-11,-4.7716405601598046e-11,-3.911637650616008e-11,-3.77301149036887e-11,-2.5028502463912347e-11,-1.999052018483629e-11,-1.6498637837327433e-11,-1.1861274102123974e-11,-5.184232749577515e-12,-5.109389677299646e-12,-2.2515653892111326e-12,-7.755784268937901e-13,1.0276258468298882e-12,1.5449741773464545e-12,3.1522822275652923e-12,3.5512768534239417e-12,4.657053117706339e-12,6.935294569535011e-12,1.0287618169456045e-11,1.4268179967060791e-11,1.6937701024719032e-11,3.967853320484705e-11,6.555851804620431e-11,7.666708346193256e-11,1.688855170349588e-10,3.871018405886099e-09,9.065881305884766e-05,0.000747116836760703,0.0012935661305227576,0.0029210488966311273,0.004018858197450827,0.005191426513151488,0.006448140352994059,0.006659709524146384,0.0066968521807226405,0.006940482881320675,0.007487243842426351,0.007561863332490918,0.008205341143938635,0.008582384764087295,0.0092125662631561,0.014212819015687552,0.014300829305999109,0.014599638799933744,0.014644890897238716,0.018310503941273,0.01847305513521746,0.019051161151531427,9.065881305884766e-05,0.000747116836760703,0.0012935661305227576,0.0029210488966311273,0.004018858197450827,0.005191426513151488,0.006448140352994059,0.006659709524146384,0.0066968521807226405,0.006940482881320675,0.007487243842426351,0.007561863332490918,0.008205341143938635,0.008582384764087295,0.0092125662631561,0.014212819015687552,0.014300829305999109,0.014599638799933744,0.014644890897238716,0.018310503941273,0.01847305513521746,0.019051161151531427,,,,,,,,,,,,,,,,,,,,,,,,,,,,
ME:MALME-3M,50,6,0.9999977117292672,0.9999977117292672,0.8853650323361493,-2.4722547840297024e-09,-3.420825839798745e-10,-2.375321555658609e-10,-1.1760014700056259e-10,-1.0112280695966092e-10,-3.261889090539101e-11,-2.187505673833818e-11,-1.5537650674543255e-11,-1.4199749801555375e-11,-1.1128144792368205e-11,-7.0029606842169495e-12,-6.681226630430269e-12,-5.850535171342958e-12,-4.8023954198105415e-12,-4.772230299734254e-12,-2.3174553909991596e-12,-1.694754891436688e-12,-1.5646466462954436e-12,-1.3159773834883759e-12,-1.1372113916784804e-12,-7.604602440380165e-13,-4.3455965551258274e-13,-2.847121952261056e-13,-1.0409167560017363e-13,-7.653959117979309e-14,-1.0458214155795176e-15,6.396982553044661e-14,1.3784031424948773e-13,4.4354792191544923e-13,6.379200553213726e-13,9.590684095419494e-13,1.4823049742946487e-12,1.7740488982356806e-12,1.8849117281111508e-12,2.55850702223729e-12,3.2499826939889898e-12,3.5495395685203324e-12,4.843617613112597e-12,6.7725446019524516e-12,9.914642213780175e-12,1.5774926991844046e-11,1.9037584334490043e-11,2.6450657107852417e-11,2.6566420626415212e-11,1.5946474726086755e-10,2.067250201993583e-10,2.408024124474521e-10,2.5579069441175e-10,3.1644341505065055e-09,9.076528977533241e-05,1.5946474726086755e-10,2.067250201993583e-10,2.408024124474521e-10,2.5579069441175e-10,3.1644341505065055e-09,9.076528977533241e-05,,,,,,,,,,,,,,,,,,,,,,,,,,,,,,,,,,,,,,,,,,,,
ME:M14,50,22,7.351651321853517,7.351651321853517,3.191798680912683e-08,-1.0632133630401669e-09,-1.2589061462394985e-10,-7.48053681715391e-11,-4.779754780718289e-11,-4.159290854712384e-11,-3.4194528610552444e-11,-2.890913722330187e-11,-1.861865006516205e-11,-1.3484467042317386e-11,-1.1917026976229587e-11,-1.0157453843957429e-11,-8.337074371253701e-12,-5.601892715434605e-12,-1.284952829902486e-12,-1.0615639498088442e-12,-6.070222991795549e-14,1.3165496796051224e-12,2.3102098982734007e-12,4.700728318423643e-12,8.453095401384988e-12,1.1492237256228652e-11,1.1988193911963846e-11,1.2382952112701198e-11,1.513131403486044e-11,2.2313234417157927e-11,8.206804673501194e-11,8.820912159339042e-11,1.0520992494095563e-09,9.069394496260522e-05,0.0007482783791162743,0.0012813702491351335,0.0029300160725288142,0.004036433208008579,0.005181752735808053,0.006343716648724837,0.006534446508837784,0.006690991847952982,0.006863257408214521,0.007506979429099556,0.007578057139832786,0.008145770516820255,0.008570916838451039,0.009227495827227507,0.014003059122453402,0.014247873555357376,0.014345859398705054,0.01448645271355913,0.017662049723753695,0.018553215094068255,0.01881760965202534,9.069394496260522e-05,0.0007482783791162743,0.0012813702491351335,0.0029300160725288142,0.004036433208008579,0.005181752735808053,0.006343716648724837,0.006534446508837784,0.006690991847952982,0.006863257408214521,0.007506979429099556,0.007578057139832786,0.008145770516820255,0.008570916838451039,0.009227495827227507,0.014003059122453402,0.014247873555357376,0.014345859398705054,0.01448645271355913,0.017662049723753695,0.018553215094068255,0.01881760965202534,,,,,,,,,,,,,,,,,,,,,,,,,,,,
ME:SK-MEL-2,50,15,7.3349487050574504,7.3349487050574504,3.577365925711007e-08,-7.308072380894171e-10,-1.6367477616568028e-10,-7.222838763177274e-11,-6.197089125496366e-11,-3.5887981185444597e-11,-2.6566010784441485e-11,-2.0613886601373102e-11,-1.9443856409933485e-11,-1.629174846786742e-11,-1.2575110291718379e-11,-1.0175329911879354e-11,-9.550260362807365e-12,-5.187712957236031e-12,-5.05394466240091e-12,-3.773668226861315e-12,-1.920288120139599e-12,-1.386994143669218e-12,-5.84395311547907e-13,5.306966346409203e-14,3.6636878697916125e-13,6.83290704290955e-13,1.3965781520608109e-12,2.5120625387784964e-12,2.9168332517110623e-12,3.786840456552858e-12,4.581894949172091e-12,1.0545965088617354e-11,1.1998158285582601e-11,1.3332575711857975e-11,2.3073683399045877e-11,3.871591461594888e-11,4.1177341321852606e-11,6.206975715740762e-11,9.817813730506227e-11,7.57518095207679e-10,9.068216657636031e-05,0.0007467567673043382,0.0012722974450543765,0.0029164066584986053,0.0040691707653857405,0.005195471508150827,0.006450370053373133,0.006664478128916847,0.006698689506972087,0.006944809526581493,0.00750795204483227,0.0075910660640352325,0.008250920215558535,0.00850447533044116,0.009168997683029662,9.068216657636031e-05,0.0007467567673043382,0.0012722974450543765,0.0029164066584986053,0.0040691707653857405,0.005195471508150827,0.006450370053373133,0.006664478128916847,0.006698689506972087,0.006944809526581493,0.00750795204483227,0.0075910660640352325,0.008250920215558535,0.00850447533044116,0.009168997683029662,,,,,,,,,,,,,,,,,,,,,,,,,,,,,,,,,,,
ME:SK-MEL-28,50,22,7.310826426304698,7.310826426304698,5.164817429292867e-08,-1.8983344974362205e-09,-1.392767170311452e-10,-7.271615286904426e-11,-5.85126990940545e-11,-2.1913933734578513e-11,-1.7989034768088955e-11,-1.2333976559270737e-11,-9.943860256153743e-12,-4.223274358808489e-12,-3.2658255169192713e-12,-2.6217477489117944e-12,-6.484340652314693e-13,-5.399510455720777e-13,1.1346110953980998e-12,2.3591640116059007e-12,4.131504911949156e-12,4.6130357156783444e-12,5.720244726026627e-12,7.471443047037639e-12,8.940485125234071e-12,1.1295176708010779e-11,2.2265902880139188e-11,4.3624324462597334e-11,5.581477416209159e-11,5.90822911157151e-11,8.18827286519757e-11,1.3706505598749547e-10,2.0291232355929174e-09,9.074735095680067e-05,0.0007445477225147955,0.0012757129948427206,0.002899673536029786,0.004124812645932635,0.00520429603768699,0.006480793856072046,0.006707266627256075,0.00673399795028011,0.006976888708120372,0.007488998668090493,0.007588143410591498,0.008272419870855531,0.008623122901604085,0.009208195857701804,0.014231316267796033,0.01434175019879429,0.014670847377749506,0.014811234150857642,0.01836539141797386,0.01867615897307312,0.019369521802378862,9.074735095680067e-05,0.0007445477225147955,0.0012757129948427206,0.002899673536029786,0.004124812645932635,0.00520429603768699,0.006480793856072046,0.006707266627256075,0.00673399795028011,0.006976888708120372,0.007488998668090493,0.007588143410591498,0.008272419870855531,0.008623122901604085,0.009208195857701804,0.014231316267796033,0.01434175019879429,0.014670847377749506,0.014811234150857642,0.01836539141797386,0.01867615897307312,0.019369521802378862,,,,,,,,,,,,,,,,,,,,,,,,,,,,
ME:SK-MEL-5,50,15,7.344377331120072,7.344377331120072,3.959486771787368e-08,-1.840131855050664e-09,-5.224677195465573e-10,-1.1416597108329131e-10,-4.049889671666959e-11,-2.774263623190644e-11,-1.7847556006873877e-11,-9.056676239581167e-12,-6.100866177267267e-12,-6.010621132214976e-12,-5.06201042183279e-12,-4.995603025215525e-12,-3.402020866080137e-12,-2.9126671777582325e-12,-1.960183236430005e-12,-8.64033318634036e-13,-6.824452027792693e-13,-3.9509538761299534e-13,-2.649140943503797e-14,1.48684612798905e-13,5.814072774655912e-13,1.4246700336378176e-12,1.711557829600814e-12,2.233973653308942e-12,3.767146723688761e-12,4.009949856431487e-12,9.244034099927141e-12,1.1491249087263594e-11,2.658429257436888e-11,2.7075497253297234e-11,5.1714436362761476e-11,6.178849833583626e-11,1.5079525094699366e-10,2.1433017888966305e-10,5.54107383796674e-10,1.907924910562412e-09,9.067207158661726e-05,0.000747618034325505,0.0012925477750272967,0.0029409319708467822,0.004029314394958971,0.005197982075798957,0.006448402974758736,0.006682146169774829,0.006701899774940476,0.006928104843965085,0.0075130456264201435,0.0075737215108656305,0.00819688571661993,0.008587155485881433,0.009206646763213058,9.067207158661726e-05,0.000747618034325505,0.0012925477750272967,0.0029409319708467822,0.004029314394958971,0.005197982075798957,0.006448402974758736,0.006682146169774829,0.006701899774940476,0.006928104843965085,0.0075130456264201435,0.0075737215108656305,0.00819688571661993,0.008587155485881433,0.009206646763213058,,,,,,,,,,,,,,,,,,,,,,,,,,,,,,,,,,,
ME:UACC-257,50,22,7.322519279797978,7.322519279797978,5.265055336156621e-08,-6.932384555034051e-09,-3.0858371396081784e-10,-1.1346600865640415e-10,-1.1010768532560607e-10,-9.004954042905831e-11,-6.642505383897771e-11,-5.934410737340814e-11,-4.335401680125202e-11,-2.5523173621789207e-11,-2.018377522408632e-11,-1.177999206156393e-11,-6.874875628092199e-12,-5.065814805940878e-12,-2.3905213339435807e-12,-1.6472846171974517e-12,1.6932879794498423e-13,3.761644316348234e-13,4.454338197660938e-12,6.913951941349417e-12,7.587454360006955e-12,1.2972001727992732e-11,1.561333447784325e-11,1.664947579761364e-11,2.924767330723336e-11,4.216485284026534e-11,6.056073352490258e-11,9.138077822917496e-11,6.654592654575949e-09,9.070146387061176e-05,0.0007456205222824067,0.0012705405953643838,0.0029190868031117173,0.0041017389178433054,0.005195652016065897,0.006388145820086284,0.006567322601872537,0.006699872606416785,0.00694169410443514,0.0074971750138361866,0.007581044721529709,0.008235484097480152,0.008603819743866113,0.009202857093715695,0.014232578132329206,0.014334968251189758,0.014561632898855334,0.014607553993147367,0.017988923649440516,0.018465548961885403,0.019280711295962042,9.070146387061176e-05,0.0007456205222824067,0.0012705405953643838,0.0029190868031117173,0.0041017389178433054,0.005195652016065897,0.006388145820086284,0.006567322601872537,0.006699872606416785,0.00694169410443514,0.0074971750138361866,0.007581044721529709,0.008235484097480152,0.008603819743866113,0.009202857093715695,0.014232578132329206,0.014334968251189758,0.014561632898855334,0.014607553993147367,0.017988923649440516,0.018465548961885403,0.019280711295962042,,,,,,,,,,,,,,,,,,,,,,,,,,,,
ME:UACC-62,50,22,7.28706033497058,7.28706033497058,2.7661064216921716e-08,-3.0385864534834524e-09,-3.189611790291834e-10,-1.642899645807553e-10,-1.359574445348533e-10,-1.1381471583065111e-10,-5.53750266669463e-11,-3.803181390421486e-11,-2.298377972860012e-11,-1.0647432778119678e-11,-8.359084827319965e-12,-3.414256372199706e-12,-2.281058886699147e-12,-1.7838289981426947e-12,-1.5396843413943706e-12,-6.012691700866407e-13,-5.364090248372033e-16,3.8961569430798204e-13,1.8401536398164955e-12,4.020219812432557e-12,7.47791615413572e-12,1.2386752444603667e-11,3.118024718626322e-11,5.4613264689122414e-11,1.0475401847494757e-10,1.2018355745552298e-10,1.5859730771782075e-10,3.4448100508189736e-10,2.7898699152197233e-09,9.069476516365578e-05,0.0007423873514188558,0.0012851673402277449,0.002911233333050966,0.004056941038291487,0.005193854293252163,0.006435619986582952,0.006689573123156265,0.006700947158660572,0.0069181038684956045,0.007494643069898703,0.007608130398245461,0.008280065364711514,0.008637278274743915,0.009218624081996245,0.014253592655194332,0.014377619413118882,0.01461600557332901,0.014694360382721636,0.018495427385647197,0.018669110420627005,0.019229439390868165,9.069476516365578e-05,0.0007423873514188558,0.0012851673402277449,0.002911233333050966,0.004056941038291487,0.005193854293252163,0.006435619986582952,0.006689573123156265,0.006700947158660572,0.0069181038684956045,0.007494643069898703,0.007608130398245461,0.008280065364711514,0.008637278274743915,0.009218624081996245,0.014253592655194332,0.014377619413118882,0.01461600557332901,0.014694360382721636,0.018495427385647197,0.018669110420627005,0.019229439390868165,,,,,,,,,,,,,,,,,,,,,,,,,,,,
ME:MDA-MB-435,50,15,7.3387932997354435,7.3387932997354435,2.8063020907076464e-08,-3.0427845406060666e-09,-8.521328804524889e-11,-7.728967663903248e-11,-4.010043166936209e-11,-4.0049469640711204e-11,-2.897298575371427e-11,-2.6001468515714395e-11,-9.137014671885442e-12,-8.580145749166428e-12,-6.341833308498579e-12,-4.867367346303962e-12,-4.340180057254943e-12,-4.241346789296378e-12,-3.652589529120655e-12,-2.3296911410642177e-12,-1.4608321876382474e-12,-9.249983727111291e-13,-9.576870275539856e-14,1.3611900777539543e-14,1.5414964226953543e-13,7.9588469332776e-13,9.909101940678774e-13,1.0332638607571387e-12,1.931001013385711e-12,3.570685020988333e-12,4.13719747479821e-12,4.794672837471307e-12,1.4900830555878396e-11,2.1839493185909706e-11,2.309599098071751e-11,3.784241996639907e-11,5.5978974439815227e-11,6.07110698383961e-11,1.6946300874338353e-10,3.0839212338467726e-09,9.065009282634596e-05,0.0007471118179357237,0.0012901756759826609,0.002932265531894329,0.0039737293260036,0.00519494512623124,0.006377804032519036,0.0066097939549323945,0.006696803686805496,0.006853766561331183,0.007500007569154226,0.007577987919871817,0.008166326396448488,0.008573699694389274,0.009218950064136882,9.065009282634596e-05,0.0007471118179357237,0.0012901756759826609,0.002932265531894329,0.0039737293260036,0.00519494512623124,0.006377804032519036,0.0066097939549323945,0.006696803686805496,0.006853766561331183,0.007500007569154226,0.007577987919871817,0.008166326396448488,0.008573699694389274,0.009218950064136882,,,,,,,,,,,,,,,,,,,,,,,,,,,,,,,,,,,
LC:A549/ATCC,50,3,0.0030982429752193863,0.0030982429752193863,2.1397979832471492e-08,-2.597192792617607e-09,-8.338258868903405e-11,-7.419967414199358e-11,-5.460676791931192e-11,-2.066838077096657e-11,-1.5044542434755614e-11,-1.3762052979951651e-11,-1.1104343817071663e-11,-5.473725639415505e-12,-5.369702946178556e-12,-4.812156302234048e-12,-4.800620458881438e-12,-4.742745882439434e-12,-3.4514734820190185e-12,-2.8606403406012185e-12,-2.635964133058076e-12,-1.6500408217502358e-12,-1.5827590160808619e-12,-1.0037155432967779e-12,-8.373160156763607e-13,-5.758040257704961e-13,-2.7421543768307854e-13,-1.6289347529261505e-13,-8.117685939678515e-14,-6.823944079074884e-14,-1.1604351377383915e-14,8.856793336925461e-15,2.3166757683219796e-14,8.549001892683983e-14,1.0908847881008904e-13,2.64013271422843e-13,4.638737175410509e-13,6.386360353310278e-13,9.527579734273234e-13,1.4258116985254449e-12,1.8069628502899795e-12,2.0709604007813215e-12,2.3971412420158156e-12,2.4789003857418612e-12,2.7175757168684464e-12,4.3631232795552505e-12,9.775061307810452e-12,9.809765453834378e-12,1.307867495672823e-11,3.365394669484125e-11,6.65505169960938e-11,6.77626505390461e-11,2.5890219498175045e-09,9.062128306912252e-05,0.0007476338557393996,2.5890219498175045e-09,9.062128306912252e-05,0.0007476338557393996,,,,,,,,,,,,,,,,,,,,,,,,,,,,,,,,,,,,,,,,,,,,,,,
LC:EKVX,50,22,7.3488015131557765,7.3488015131557765,2.120894448953692e-08,-6.890403298794165e-10,-1.9845300619839024e-10,-9.201059818296064e-11,-7.444530984777962e-11,-6.425204411488611e-11,-4.7061775930814544e-11,-2.3439412357665473e-11,-2.2787867675743562e-11,-1.809147078565658e-11,-4.503573010935895e-12,-3.764449133815927e-12,-3.5692069823766923e-12,-3.3576776884043646e-12,-1.6450905985761557e-12,-9.300023316553829e-14,1.1697569724921503e-13,2.768643739834223e-13,1.2610774512318568e-12,1.685453697181788e-12,2.3795654303330332e-12,3.1887301094957535e-12,9.692551435395123e-12,5.004454690276175e-11,7.874072623309872e-11,8.469117356198208e-11,9.467750955243718e-11,1.7076843888616522e-10,7.190456672461799e-10,9.062682169266573e-05,0.0007480277407790009,0.0012924486239152435,0.0029137204310896525,0.004014998835178827,0.00519067375568867,0.006441871875921878,0.006634439332698209,0.006698307546753778,0.006946480175750901,0.007481427042205597,0.007583675921105295,0.008167251538626229,0.008640120518505882,0.009233277944986401,0.014230270276738755,0.014335493815363283,0.014451949784446597,0.014533972208652782,0.018153625021365687,0.018535268418044995,0.019037928862247307,9.062682169266573e-05,0.0007480277407790009,0.0012924486239152435,0.0029137204310896525,0.004014998835178827,0.00519067375568867,0.006441871875921878,0.006634439332698209,0.006698307546753778,0.006946480175750901,0.007481427042205597,0.007583675921105295,0.008167251538626229,0.008640120518505882,0.009233277944986401,0.014230270276738755,0.014335493815363283,0.014451949784446597,0.014533972208652782,0.018153625021365687,0.018535268418044995,0.019037928862247307,,,,,,,,,,,,,,,,,,,,,,,,,,,,
LC:HOP-62,50,22,7.296491839231571,7.296491839231571,1.8912000299131648e-08,-2.1412845859771715e-09,-7.872588265154818e-11,-5.447675123504414e-11,-5.028230039099118e-11,-4.412626809628152e-11,-1.9452513804938364e-11,-1.797255005681498e-11,-1.4643458171839825e-11,-8.232848471424574e-12,-6.307593336529749e-12,-4.52418376199748e-12,-2.219364042587227e-12,-1.908566973083184e-12,7.222480805698511e-13,1.8216165744875876e-12,4.777811271074704e-12,4.993359716052963e-12,8.431264475645961e-12,9.168991236293937e-12,1.4771177689202122e-11,1.861372794992929e-11,2.3335754688194946e-11,3.58496968412168e-11,4.7353854195600516e-11,5.365418742978023e-11,7.177757513517329e-11,9.51285745597226e-11,1.915802754840477e-09,9.061011359728638e-05,0.0007432593518323235,0.0012898766165483448,0.0029072822524864746,0.004002162461358519,0.005189514842629929,0.006397250750481435,0.0065798599656343194,0.006698981929046763,0.006929952328774857,0.007478831390963813,0.007584034695712723,0.00823651525064903,0.008644836208552133,0.009200688139647516,0.014225365498087702,0.014334957222675805,0.014485505273247356,0.014607035775812929,0.018085000730632888,0.01850056083327469,0.01898653833370717,9.061011359728638e-05,0.0007432593518323235,0.0012898766165483448,0.0029072822524864746,0.004002162461358519,0.005189514842629929,0.006397250750481435,0.0065798599656343194,0.006698981929046763,0.006929952328774857,0.007478831390963813,0.007584034695712723,0.00823651525064903,0.008644836208552133,0.009200688139647516,0.014225365498087702,0.014334957222675805,0.014485505273247356,0.014607035775812929,0.018085000730632888,0.01850056083327469,0.01898653833370717,,,,,,,,,,,,,,,,,,,,,,,,,,,,
LC:HOP-92,50,22,7.325924268957475,7.325924268957475,2.8485720782178703e-08,-1.4240818689889969e-09,-1.9428785992959673e-10,-1.4558913803534596e-10,-1.0061159200149168e-10,-8.090808963556392e-11,-7.00768074075658e-11,-5.679759360586751e-11,-3.086225581192849e-11,-1.2682112928178932e-11,-9.655948255055981e-12,-8.655023136443056e-12,-5.347534074622365e-12,-3.657598895523244e-12,-3.0123925814744268e-12,-6.525881858553476e-13,-2.6134103832831795e-13,3.219433996736604e-14,1.881929413195295e-12,3.376944055877122e-12,6.8389960578355e-12,1.0502506768992129e-11,2.717809424778242e-11,4.550454533579912e-11,5.275739045661806e-11,7.058888032201917e-11,7.711511190353591e-11,1.165862704229255e-10,1.4540409260747206e-09,9.067422489957065e-05,0.0007459348330848825,0.001295644737626441,0.0029116108024433603,0.00410367720887241,0.005193115084895927,0.006428717606574321,0.006644779984969135,0.006701200430935429,0.006924967321007651,0.007489922979306512,0.007581187106763792,0.008255002219766532,0.0086520040642819,0.00922322413997195,0.014228802014715552,0.014335296921811649,0.014564947699024914,0.014712562853247194,0.01844815418361003,0.018454794826646987,0.019170947325931866,9.067422489957065e-05,0.0007459348330848825,0.001295644737626441,0.0029116108024433603,0.00410367720887241,0.005193115084895927,0.006428717606574321,0.006644779984969135,0.006701200430935429,0.006924967321007651,0.007489922979306512,0.007581187106763792,0.008255002219766532,0.0086520040642819,0.00922322413997195,0.014228802014715552,0.014335296921811649,0.014564947699024914,0.014712562853247194,0.01844815418361003,0.018454794826646987,0.019170947325931866,,,,,,,,,,,,,,,,,,,,,,,,,,,,
LC:NCI-H226,50,8,7.293077902030388,7.293077902030388,2.4835741463391514e-08,-3.987714261528613e-09,-1.5787531657961325e-10,-7.779097228573575e-11,-6.565158980960818e-11,-4.443454384008092e-11,-2.6558023223091295e-11,-2.4486603445849492e-11,-1.8682022752793473e-11,-1.4549712929151463e-11,-1.1220639733111257e-11,-9.948186764923046e-12,-6.6066286827110715e-12,-5.456553815014718e-12,-4.838112278426204e-12,-4.614766739314408e-12,-4.3647143597959e-12,-1.84468481885091e-12,-1.665198388249925e-12,-1.236017039586701e-12,-6.447436307717089e-13,-4.3073487485112416e-13,-2.6902425057616364e-13,-8.090097060146906e-14,-2.6421546157548437e-14,1.313623688992127e-13,3.3117211501332983e-13,6.767778340781988e-13,8.720063245700599e-13,2.2325055351471793e-12,2.58004724626882e-12,2.648983923924167e-12,3.0725298878504087e-12,7.41650861004698e-12,1.0612400728701211e-11,2.9870844513169015e-11,4.035427699465577e-11,4.703024479731609e-11,5.75152992045953e-11,8.375639264990905e-11,1.4223259859659238e-10,2.897711796125699e-10,3.937828436687495e-09,9.070932875537061e-05,0.0007429341918350499,0.0012945355261269594,0.0029063997950699253,0.004035706998855785,0.005197267635094679,0.006389887160902781,0.006594987785722004,9.070932875537061e-05,0.0007429341918350499,0.0012945355261269594,0.0029063997950699253,0.004035706998855785,0.005197267635094679,0.006389887160902781,0.006594987785722004,,,,,,,,,,,,,,,,,,,,,,,,,,,,,,,,,,,,,,,,,,
LC:NCI-H322M,50,15,7.343503843263133,7.343503843263133,2.409813271153638e-08,-1.3796010325892866e-09,-1.0461958706851123e-10,-7.502417945519282e-11,-5.76609760779374e-11,-5.548301070966086e-11,-2.767743636545878e-11,-2.0608158869716078e-11,-1.5230852210413974e-11,-9.633202587944027e-12,-9.410011886454989e-12,-6.834744752039386e-12,-5.47788816260622e-12,-4.6194623511608066e-12,-4.177701180873086e-12,-3.232997691175049e-12,-3.158287664056271e-12,-1.6664821649373107e-12,-9.494995799807712e-13,-2.9507807601438646e-13,1.3204273286750168e-13,4.060486755858017e-13,7.095153999915615e-13,1.7460226515476907e-12,2.0860675247749358e-12,4.8847852032827405e-12,8.042490081566246e-12,9.544358088153099e-12,1.3508499481225227e-11,1.98872835923845e-11,1.9997813057196986e-11,2.0788001555598415e-11,3.583231339410447e-11,4.2643164701954527e-11,2.295242107811478e-10,1.3127626236498352e-09,9.062843442670197e-05,0.000747544393826405,0.0012907336536604767,0.0029159067713027407,0.004064963325089822,0.005186458545258648,0.006431852601930013,0.0066172415423475075,0.006695886238893205,0.006977226881975568,0.007489254016808908,0.007583092018648821,0.0081369944126335,0.008626113369298362,0.009234090197725994,9.062843442670197e-05,0.000747544393826405,0.0012907336536604767,0.0029159067713027407,0.004064963325089822,0.005186458545258648,0.006431852601930013,0.0066172415423475075,0.006695886238893205,0.006977226881975568,0.007489254016808908,0.007583092018648821,0.0081369944126335,0.008626113369298362,0.009234090197725994,,,,,,,,,,,,,,,,,,,,,,,,,,,,,,,,,,,
LC:NCI-H460,50,22,7.2763487798602835,7.2763487798602835,2.933930198789625e-08,-9.722734940355413e-09,-4.833963464158809e-10,-1.5615239933345834e-10,-8.498845182301762e-11,-7.527449567531e-11,-3.450410248316549e-11,-1.4089908073285952e-11,-1.0712391585766812e-11,-6.29409175332326e-12,-3.7322650260065635e-12,-2.2919855032985104e-12,-1.4808462751392595e-12,-9.210066113625806e-13,-3.093543758832251e-13,1.2191816566725633e-12,2.3657418661863702e-12,3.689542445975587e-12,1.3335580374891111e-11,1.5086969203776356e-11,2.4444538678381617e-11,2.499405980034737e-11,4.351412834929531e-11,6.444899144529212e-11,7.085991597091321e-11,7.76859317028417e-11,1.242127451242525e-10,5.095354474449459e-10,9.842319612625243e-09,9.063124507168572e-05,0.0007414191699695576,0.0012848270544313944,0.0028675686948804687,0.003937738927889968,0.005188224175921514,0.006409952209676487,0.006586663016974624,0.006693695538209426,0.006964434588893646,0.007443617935282925,0.007556752601851834,0.00816256976406258,0.0086132023993036,0.009186872545613008,0.01421153595087602,0.014294226229431157,0.014660872267515137,0.014722398847380538,0.018293321866483882,0.01837542232626992,0.018656104957518356,9.063124507168572e-05,0.0007414191699695576,0.0012848270544313944,0.0028675686948804687,0.003937738927889968,0.005188224175921514,0.006409952209676487,0.006586663016974624,0.006693695538209426,0.006964434588893646,0.007443617935282925,0.007556752601851834,0.00816256976406258,0.0086132023993036,0.009186872545613008,0.01421153595087602,0.014294226229431157,0.014660872267515137,0.014722398847380538,0.018293321866483882,0.01837542232626992,0.018656104957518356,,,,,,,,,,,,,,,,,,,,,,,,,,,,
LC:NCI-H522,50,22,7.313029820464662,7.313029820464662,2.2230683960344777e-08,-3.14999456195713e-09,-1.310609808885272e-10,-7.220773854061183e-11,-7.140672363299683e-11,-7.085347707039367e-11,-4.446407783252008e-11,-3.163818519506551e-11,-9.00404764311337e-12,-8.122692283867548e-12,-5.456738332671948e-12,-4.951044118412483e-12,-3.856291330641033e-12,-3.2380294734575543e-12,-2.213211913542311e-12,-1.0072124612212768e-12,2.2814768466366403e-12,4.396766696383725e-12,5.29811664104398e-12,9.497297913385605e-12,1.1330340528650784e-11,1.4579435911581812e-11,3.677847888977452e-11,4.0686579105830845e-11,5.440919135862258e-11,7.817395268985318e-11,9.274879068975686e-11,1.0966066543596862e-10,3.1484533708728713e-09,9.060372612694297e-05,0.0007447685860277728,0.0012858640521357324,0.0029155275868910932,0.004025098855361514,0.005193151774808883,0.006496376353942921,0.006700162371606109,0.006731443059663976,0.006993211250105521,0.007475263239317596,0.007576687189670359,0.008162075739942817,0.008623525961749407,0.009194234208244088,0.014218273819763129,0.014331842717969138,0.014688031278238993,0.014737203536945312,0.018502773144447166,0.018692700972840183,0.01907481361737951,9.060372612694297e-05,0.0007447685860277728,0.0012858640521357324,0.0029155275868910932,0.004025098855361514,0.005193151774808883,0.006496376353942921,0.006700162371606109,0.006731443059663976,0.006993211250105521,0.007475263239317596,0.007576687189670359,0.008162075739942817,0.008623525961749407,0.009194234208244088,0.014218273819763129,0.014331842717969138,0.014688031278238993,0.014737203536945312,0.018502773144447166,0.018692700972840183,0.01907481361737951,,,,,,,,,,,,,,,,,,,,,,,,,,,,
OV:IGROV1,50,15,7.2980922526590275,7.2980922526590275,2.9323750982968022e-08,-1.3222588340948893e-09,-2.7740080359454824e-10,-1.4332921041161888e-10,-8.212827829921429e-11,-6.932994881859479e-11,-6.602461211492692e-11,-2.6351575693121625e-11,-1.3187769493517958e-11,-8.75727273899965e-12,-6.3724483047138125e-12,-5.290019778562277e-12,-4.961516413643993e-12,-4.6381432223553676e-12,-2.3149836404388544e-12,-1.5160571230484962e-12,-1.2483760769912977e-12,-1.0825399550298126e-12,-2.3309118849478005e-13,8.55134187202275e-13,9.122306724026683e-13,1.40384718552624e-12,1.8079407735445072e-12,3.327522732723444e-12,4.159132727891285e-12,5.809792317373885e-12,6.245115983052364e-12,8.647618265997942e-12,2.3687389655541007e-11,3.618636851753995e-11,5.338359013737706e-11,5.900729418159643e-11,8.202350026942883e-11,9.893619535010934e-11,3.6485914199039116e-10,1.323296183581798e-09,9.06548617233949e-05,0.0007433991105580301,0.001268391262893681,0.0028950158377263877,0.004113195890521794,0.00519220846204209,0.006426192164217769,0.006634239298147613,0.006696084996066573,0.006920250560224617,0.007472913307780455,0.0075834884264700236,0.008186516373254186,0.008542637682561655,0.009190065562202273,9.06548617233949e-05,0.0007433991105580301,0.001268391262893681,0.0028950158377263877,0.004113195890521794,0.00519220846204209,0.006426192164217769,0.006634239298147613,0.006696084996066573,0.006920250560224617,0.007472913307780455,0.0075834884264700236,0.008186516373254186,0.008542637682561655,0.009190065562202273,,,,,,,,,,,,,,,,,,,,,,,,,,,,,,,,,,,
OV:OVCAR-3,50,22,7.328301361389529,7.328301361389529,2.5090929667292983e-08,-5.783626219005994e-10,-1.2713170581101895e-10,-1.1478094821446797e-10,-4.09498570171302e-11,-3.560834788108539e-11,-3.274240150926214e-11,-2.1567832453805655e-11,-2.0506219294770707e-11,-1.3753410397858955e-11,-1.2174455305100258e-11,-1.1594685633701043e-11,-4.654800037171697e-12,-4.029247435374285e-12,-2.0882383414697406e-12,-1.568958220179821e-12,2.989666348686415e-13,1.0652213974175068e-12,2.9838146114059133e-12,5.7646191964876026e-12,1.3241818435489293e-11,1.5545575474140184e-11,2.3250454702803888e-11,2.501816234647819e-11,3.6089520383101627e-11,3.67372104010397e-11,7.866116593269364e-11,7.881416152306572e-11,7.13624975057876e-10,9.060954872562139e-05,0.00074616056553578,0.0012920153179011014,0.002873835545753541,0.004053878317003862,0.005195639231224131,0.006453212348450194,0.006699193096163226,0.0067019840479766914,0.00693432755337121,0.007464899853055251,0.007579296720569443,0.008168706460824309,0.008651240095567671,0.009171585522579852,0.01425294924090489,0.014335109003630199,0.014575534274475716,0.014686625853559366,0.018421445857436398,0.01849870573665931,0.019220002162340447,9.060954872562139e-05,0.00074616056553578,0.0012920153179011014,0.002873835545753541,0.004053878317003862,0.005195639231224131,0.006453212348450194,0.006699193096163226,0.0067019840479766914,0.00693432755337121,0.007464899853055251,0.007579296720569443,0.008168706460824309,0.008651240095567671,0.009171585522579852,0.01425294924090489,0.014335109003630199,0.014575534274475716,0.014686625853559366,0.018421445857436398,0.01849870573665931,0.019220002162340447,,,,,,,,,,,,,,,,,,,,,,,,,,,,
OV:OVCAR-4,50,22,7.32968958956695,7.32968958956695,4.4428683732000707e-08,-8.357640097431942e-10,-2.762078080766365e-10,-2.7476397493223035e-10,-1.5426456114039575e-10,-7.906178993823468e-11,-4.886037073255443e-11,-2.373621289211876e-11,-2.0918208422479774e-11,-1.3267808021948796e-11,-5.796434634900739e-12,-5.416393462215341e-12,-5.001328141234808e-12,-2.656734221181435e-12,-4.3561683394591905e-13,-1.9073920231888614e-13,2.6329079704217467e-12,4.445123617607093e-12,5.1699073895603714e-12,5.24817880397533e-12,2.5251544019840033e-11,3.018832535025325e-11,3.403249225128729e-11,7.93462264615059e-11,1.0486555959525468e-10,1.1073495344694848e-10,1.7858318735472847e-10,2.2325199452782538e-10,8.21533810801251e-10,9.062818586531645e-05,0.0007462845963995711,0.0012821809083093823,0.002874240448194812,0.004059078342074518,0.005174950641891432,0.006388997596829674,0.006648443537953574,0.00668500842316606,0.006861126854023371,0.007441712524464748,0.007579745423886807,0.008040364384451364,0.008582897741485877,0.009139563550008127,0.014157375906834854,0.014261219556318934,0.014355818607621917,0.0147518662790313,0.01842966548285097,0.018751277810857257,0.019163479375066888,9.062818586531645e-05,0.0007462845963995711,0.0012821809083093823,0.002874240448194812,0.004059078342074518,0.005174950641891432,0.006388997596829674,0.006648443537953574,0.00668500842316606,0.006861126854023371,0.007441712524464748,0.007579745423886807,0.008040364384451364,0.008582897741485877,0.009139563550008127,0.014157375906834854,0.014261219556318934,0.014355818607621917,0.0147518662790313,0.01842966548285097,0.018751277810857257,0.019163479375066888,,,,,,,,,,,,,,,,,,,,,,,,,,,,
OV:OVCAR-5,50,15,7.302723201929647,7.302723201929647,4.3797887094854104e-08,-4.974517010201398e-10,-1.2220584403633845e-10,-3.812310920235911e-11,-3.2578695044970483e-11,-2.596341536404735e-11,-2.0450230471167306e-11,-1.753117011911616e-11,-1.7364751035199057e-11,-1.1059899076757383e-11,-5.871428411280584e-12,-5.006621107820665e-12,-4.233225057927344e-12,-3.957557941297943e-12,-2.2954498002901447e-12,-2.0334718473956e-12,-1.119801083457328e-12,-1.0118011842859959e-12,-2.7740366969654373e-13,1.0760178284410088e-12,1.1235478964300577e-12,1.7979061842825564e-12,3.3460357016590683e-12,4.781467349878124e-12,6.845875537460355e-12,7.160292541177893e-12,8.532541887667014e-12,1.15996448286481e-11,1.2275290850525915e-11,1.4092283438273123e-11,1.6941964121213772e-11,1.8434506484786735e-11,2.2820816132532e-11,4.6619392821503104e-11,6.219343134028152e-11,6.024743907971988e-10,9.067334454039028e-05,0.0007438189217411197,0.00129234194316579,0.0028986296157677933,0.004026963578636653,0.005182956953673141,0.006445094981332251,0.006692510208703788,0.006713539302464281,0.00692194659596511,0.007486103603095927,0.007556219909896708,0.008138471065943363,0.008573420032852679,0.009194801480787045,9.067334454039028e-05,0.0007438189217411197,0.00129234194316579,0.0028986296157677933,0.004026963578636653,0.005182956953673141,0.006445094981332251,0.006692510208703788,0.006713539302464281,0.00692194659596511,0.007486103603095927,0.007556219909896708,0.008138471065943363,0.008573420032852679,0.009194801480787045,,,,,,,,,,,,,,,,,,,,,,,,,,,,,,,,,,,
OV:OVCAR-8,50,22,7.306461266368994,7.306461266368994,2.7464064689119994e-08,-3.819912373787264e-09,-2.3000163260772106e-10,-5.8001728528607466e-11,-5.634821991331359e-11,-4.7511347707105377e-11,-2.5314911706588936e-11,-2.353338636701223e-11,-1.5111869329682837e-11,-1.432559976134902e-11,-1.2382537717078347e-11,-1.2228591823502076e-11,-8.359058792915298e-12,-4.004196388525394e-12,-2.2780964126830477e-12,-8.987392535915462e-13,3.479517157256931e-12,3.58785794314382e-12,4.758576901118562e-12,7.744539100187735e-12,1.2917520040276777e-11,1.5064710736463136e-11,2.5452342083997007e-11,3.3792242929656796e-11,4.745938994717928e-11,5.4416561100917304e-11,5.498617265176954e-11,2.2067248721423845e-10,3.848842319289711e-09,9.064142033120581e-05,0.0007441642838896775,0.001274912054647049,0.0029243919411332526,0.0039992103550060025,0.005185906907778354,0.006371885014671545,0.006596224341361958,0.006694317844004315,0.006843650050010056,0.00750290624972387,0.007582728790323849,0.00818042080010553,0.008560818390326219,0.009238478825799397,0.0139850739947601,0.014217378782110246,0.014353044767987797,0.014581339752636983,0.017956175791478256,0.018537655254211402,0.01891595448310538,9.064142033120581e-05,0.0007441642838896775,0.001274912054647049,0.0029243919411332526,0.0039992103550060025,0.005185906907778354,0.006371885014671545,0.006596224341361958,0.006694317844004315,0.006843650050010056,0.00750290624972387,0.007582728790323849,0.00818042080010553,0.008560818390326219,0.009238478825799397,0.0139850739947601,0.014217378782110246,0.014353044767987797,0.014581339752636983,0.017956175791478256,0.018537655254211402,0.01891595448310538,,,,,,,,,,,,,,,,,,,,,,,,,,,,
OV:SK-OV-3,50,22,7.300923106092256,7.300923106092256,3.6361679001117864e-08,-8.359641709605476e-10,-9.900597411403953e-11,-4.422654534535098e-11,-3.8708021719000875e-11,-2.058741450428926e-11,-2.0565178994957044e-11,-1.7547953826244252e-11,-1.2033667966715629e-11,-1.1934559446930525e-11,-1.1513151014692392e-11,-4.925888540921637e-12,-2.2527794381463004e-12,-5.57195484413367e-14,8.030323639125064e-14,3.1630782249079253e-12,4.032853695087879e-12,5.688869798956171e-12,1.4802632833680815e-11,1.7931180669515483e-11,2.0045613172842147e-11,2.1489595828727906e-11,2.6574460866438457e-11,3.565474404978487e-11,3.96432810759401e-11,4.080999836566894e-11,5.0363768128278315e-11,9.996713485759152e-11,7.767122554662702e-10,9.070703975585178e-05,0.0007436500627500652,0.0012934020571897277,0.002890164552737479,0.0040071725827332295,0.005192964568305512,0.006454766529466047,0.006689561651945923,0.006701755485760735,0.006940223467953875,0.0074593986503417465,0.007593639498489877,0.008238627951840207,0.008638187451305719,0.009202657225532181,0.014248948293266322,0.014352089646643012,0.014620776114578803,0.014705993053507796,0.018459846888733568,0.018630062559579334,0.018769478428789274,9.070703975585178e-05,0.0007436500627500652,0.0012934020571897277,0.002890164552737479,0.0040071725827332295,0.005192964568305512,0.006454766529466047,0.006689561651945923,0.006701755485760735,0.006940223467953875,0.0074593986503417465,0.007593639498489877,0.008238627951840207,0.008638187451305719,0.009202657225532181,0.014248948293266322,0.014352089646643012,0.014620776114578803,0.014705993053507796,0.018459846888733568,0.018630062559579334,0.018769478428789274,,,,,,,,,,,,,,,,,,,,,,,,,,,,
OV:NCI/ADR-RES,50,22,7.320062645994708,7.320062645994708,2.650695873906983e-08,-4.5540738153069865e-09,-8.515019345547471e-11,-6.803187187047217e-11,-5.392970392362282e-11,-5.198333431733707e-11,-2.0271904557019223e-11,-1.6997696300610418e-11,-1.6755852862973195e-11,-1.2689024540845674e-11,-1.0876187700025602e-11,-6.6004828962488646e-12,-5.191120496243935e-12,-1.7929336672013046e-12,-1.1874462188272289e-12,5.1960714377019546e-14,2.747471981911012e-13,1.890162858045677e-12,3.977573153658709e-12,6.19523701816168e-12,1.502772128199499e-11,1.7530469710960207e-11,1.768390021548126e-11,2.2431548196070843e-11,4.649900565501311e-11,5.703938378207301e-11,6.888615795407754e-11,1.0765281893731268e-10,4.3938854332709705e-09,9.06234844442236e-05,0.0007454072624579384,0.0012879533853444847,0.0029056551233980032,0.003996996055610322,0.005172752326929462,0.0063493829770743665,0.006570632920928764,0.006684023942149518,0.006824673467425138,0.007479941523797184,0.007580157059067247,0.008172581029236988,0.008574538262494758,0.009205037846641981,0.013959228005785704,0.014202150844650013,0.014345560916688737,0.014417409025117409,0.01795203361282811,0.018403206030211935,0.018815570070135196,9.06234844442236e-05,0.0007454072624579384,0.0012879533853444847,0.0029056551233980032,0.003996996055610322,0.005172752326929462,0.0063493829770743665,0.006570632920928764,0.006684023942149518,0.006824673467425138,0.007479941523797184,0.007580157059067247,0.008172581029236988,0.008574538262494758,0.009205037846641981,0.013959228005785704,0.014202150844650013,0.014345560916688737,0.014417409025117409,0.01795203361282811,0.018403206030211935,0.018815570070135196,,,,,,,,,,,,,,,,,,,,,,,,,,,,
PR:PC-3,50,4,0.9999978392188223,0.9999978392188223,0.9568665111309115,-1.5953803680695752e-11,-1.2048046493296806e-11,-7.883995634615747e-12,-7.537785689680152e-12,-7.2155373445929524e-12,-6.079287220113125e-12,-5.20806020651212e-12,-5.024183028163112e-12,-4.731845530637699e-12,-3.929049929374609e-12,-3.477756873714738e-12,-2.712322147479032e-12,-1.661807491745368e-12,-1.3007330537098336e-12,-1.0346646635165171e-12,-7.893642472523235e-13,-7.333904127439575e-13,-3.424769961981461e-13,-3.2483579357183573e-13,-2.393900371986876e-13,-1.8865310247133393e-13,-6.350368635891362e-14,-4.651186662381346e-14,-2.7238031708592958e-14,5.623110213136967e-14,7.192933314942307e-14,1.593285643393741e-13,2.559904328444662e-13,3.9959668332503057e-13,4.969960261478473e-13,6.343101093203921e-13,9.08155224198931e-13,1.1218648351875998e-12,1.1866409141110881e-12,1.586667293862129e-12,2.115452534283066e-12,2.53716461089213e-12,2.607890032396698e-12,3.3022256668490887e-12,4.117947804038909e-12,5.464770712229443e-12,6.996482874391946e-12,8.199513388141427e-12,1.859336007370687e-11,2.5343426847141554e-11,7.924867278250383e-11,1.873487037165264e-10,1.9520737021998854e-10,5.520300439367572e-09,9.05827520708642e-05,1.873487037165264e-10,1.9520737021998854e-10,5.520300439367572e-09,9.05827520708642e-05,,,,,,,,,,,,,,,,,,,,,,,,,,,,,,,,,,,,,,,,,,,,,,
PR:DU-145,50,15,7.342971256630254,7.342971256630254,2.940849841426285e-08,-1.3977619479335537e-09,-3.020993410941461e-10,-1.0239677644208536e-10,-8.267690525254334e-11,-4.7970518968773815e-11,-3.6200642269533685e-11,-2.976364978318855e-11,-1.8412241390287735e-11,-1.7364764492858523e-11,-7.2235715808466675e-12,-5.044380020570623e-12,-4.867974675703407e-12,-3.824373231834689e-12,-3.012519284050809e-12,-2.206988742150043e-12,-2.179732577160115e-12,-1.1430380567837434e-12,-8.631575001191022e-13,-4.405631539921781e-13,7.192717829760525e-14,8.057883651773831e-13,1.0842156436974976e-12,1.7886441974887188e-12,2.1876219368985317e-12,2.543152347782643e-12,2.8458285803844435e-12,3.987335269362187e-12,9.565668352903844e-12,3.44273721537185e-11,3.499020989400012e-11,4.7898724673004975e-11,5.270223537093277e-11,1.076614013461848e-10,2.8692585911642855e-10,1.2874807191637925e-09,9.061802641117538e-05,0.0007474972591318856,0.001296551801210176,0.002932420520415251,0.003925227802496901,0.0051958223720946495,0.0063535642002656234,0.006545759890186107,0.00669763363673042,0.006873357408514007,0.00749554266707498,0.007553534688611479,0.008032955438829167,0.008646281542353064,0.00923507342394616,9.061802641117538e-05,0.0007474972591318856,0.001296551801210176,0.002932420520415251,0.003925227802496901,0.0051958223720946495,0.0063535642002656234,0.006545759890186107,0.00669763363673042,0.006873357408514007,0.00749554266707498,0.007553534688611479,0.008032955438829167,0.008646281542353064,0.00923507342394616,,,,,,,,,,,,,,,,,,,,,,,,,,,,,,,,,,,
RE:786-0,50,15,7.315101548846242,7.315101548846242,1.691767326228444e-08,-3.6110488222924984e-10,-1.4199566340995264e-10,-7.904743298727673e-11,-7.267469391309279e-11,-2.3946409037547273e-11,-2.3406084199723703e-11,-1.8185246507978516e-11,-1.5128704861674773e-11,-1.2213130409343548e-11,-9.917527479049067e-12,-6.465792663648898e-12,-5.322335576278016e-12,-3.894916439611644e-12,-2.642030474606094e-12,-2.365420562872554e-12,-1.635665873036228e-12,-6.815253249985512e-13,-4.40218404806382e-13,1.3272216171141688e-13,1.4078998112742463e-13,1.6017219560231222e-12,1.967482600451209e-12,2.434888499592419e-12,3.1358627174994658e-12,4.117654418931034e-12,5.000399698256927e-12,1.2094997258512569e-11,2.1050978519479742e-11,2.6352261207050233e-11,3.552580033264457e-11,4.692226083591669e-11,4.915477040971696e-11,7.518039775520746e-11,1.3122457631696387e-10,3.771979595394671e-10,9.059192056639289e-05,0.0007449591674115526,0.0012937042424616772,0.0029202441563505907,0.003978026964863973,0.005189750534939338,0.006429370195900534,0.006635569678712243,0.0066973519877469275,0.006920622061901837,0.0074881932200256416,0.007581560468873165,0.008248255534710121,0.008536139654457025,0.009219986549698618,9.059192056639289e-05,0.0007449591674115526,0.0012937042424616772,0.0029202441563505907,0.003978026964863973,0.005189750534939338,0.006429370195900534,0.006635569678712243,0.0066973519877469275,0.006920622061901837,0.0074881932200256416,0.007581560468873165,0.008248255534710121,0.008536139654457025,0.009219986549698618,,,,,,,,,,,,,,,,,,,,,,,,,,,,,,,,,,,
RE:A498,50,15,7.265622733478162,7.265622733478162,4.150876053987673e-08,-3.2596385772461255e-09,-2.8455417312538405e-10,-1.5644804658850823e-10,-8.949462240617594e-11,-6.809098304725453e-11,-5.1972789949766146e-11,-1.621511326360854e-11,-7.379853116953015e-12,-6.7285176860503934e-12,-5.3302971032235386e-12,-4.572147483750469e-12,-4.0462218401119895e-12,-2.0515517317734253e-12,-1.8209673948842847e-12,-1.331319725143311e-12,-3.6603853899742217e-13,-1.185000990562568e-13,7.349478556122058e-14,3.979451859183192e-13,9.136804539951887e-13,1.1541176678621715e-12,1.889095623637191e-12,1.957939371613829e-12,3.103641733263711e-12,4.299704174518318e-12,4.549223777089266e-12,5.256060289695469e-12,1.6851581518010847e-11,2.801670908345131e-11,3.6584572692252224e-11,5.150453816964249e-11,6.326532528378673e-11,1.192510553331286e-10,2.948079512443951e-10,3.1618634978449562e-09,9.067598350578846e-05,0.000740434568256393,0.0012991041470272952,0.002866153438275603,0.004049502288388045,0.005189054134415612,0.00628592478187585,0.006506623809486818,0.006693135522946223,0.0068681065533488725,0.007433610309952805,0.0075785716904041445,0.008052613336357307,0.00859422414423323,0.009165118612459068,9.067598350578846e-05,0.000740434568256393,0.0012991041470272952,0.002866153438275603,0.004049502288388045,0.005189054134415612,0.00628592478187585,0.006506623809486818,0.006693135522946223,0.0068681065533488725,0.007433610309952805,0.0075785716904041445,0.008052613336357307,0.00859422414423323,0.009165118612459068,,,,,,,,,,,,,,,,,,,,,,,,,,,,,,,,,,,
RE:ACHN,50,6,0.9999981591969292,0.9999981591969292,0.9351156849150822,-6.657808342559312e-09,-4.4267022648392454e-10,-2.4608541746506344e-10,-1.8038849782669748e-10,-9.86192995078598e-11,-6.055413806558933e-11,-4.645092889163111e-11,-3.947236077762612e-11,-3.078871235924225e-11,-9.163595487342129e-12,-8.516289331183223e-12,-6.308474684475762e-12,-5.314132733033952e-12,-4.6781745822012735e-12,-2.6110937278436483e-12,-2.353220496611498e-12,-1.9455380638770323e-12,-1.2120430933860657e-12,-1.1803465783987235e-12,-7.992512901511262e-13,-5.373116366983247e-13,-2.5585356587271707e-13,-1.4584970872092567e-13,-9.610204071332923e-14,2.6177519353576262e-14,6.671583858280927e-14,1.4632481966543598e-13,1.898396126713206e-13,4.641345223736423e-13,5.107921870846008e-13,9.326911801482013e-13,1.2521871424952744e-12,2.037697308522428e-12,2.505315724841972e-12,3.4511252498337433e-12,4.133641427197729e-12,5.3961370690813054e-12,6.312249564732232e-12,7.175536762536218e-12,8.603133735463932e-12,1.1176302545652488e-11,4.029325481667671e-11,6.367417738092993e-11,6.766256280851639e-11,1.4565215903489769e-10,1.6630020461833733e-10,2.362442828168776e-10,7.245397457320652e-10,6.705868242450454e-09,9.067931124216613e-05,1.4565215903489769e-10,1.6630020461833733e-10,2.362442828168776e-10,7.245397457320652e-10,6.705868242450454e-09,9.067931124216613e-05,,,,,,,,,,,,,,,,,,,,,,,,,,,,,,,,,,,,,,,,,,,,
RE:CAKI-1,50,22,7.353269637346776,7.353269637346776,3.169610629516484e-08,-1.663876540670614e-09,-1.1854213024056239e-10,-1.0459977255552512e-10,-5.484316977335049e-11,-4.78667169784416e-11,-2.7149730678693515e-11,-2.4534897429136747e-11,-2.208866126303128e-11,-2.1818145665261808e-11,-1.4864503061046662e-11,-5.259232204466238e-12,-5.005994777778147e-12,-3.926302235808879e-12,-3.595512966135181e-13,-2.8370772257087923e-13,1.8920563900348686e-13,2.5557928169661626e-12,3.3482743080947078e-12,1.2606013089400299e-11,1.4409006187645831e-11,2.1305543389097716e-11,2.2041164100578166e-11,2.2866060255108053e-11,3.673479234559199e-11,3.731762605364581e-11,3.939142188705367e-11,9.535406184535845e-11,1.5555789262776658e-09,9.070962770626624e-05,0.0007484238006534103,0.0012915985406844134,0.0029179401228121237,0.004016727361576276,0.005193172354592559,0.006436308454726538,0.006641111584434365,0.006698372823910567,0.006929660877571829,0.007498748760229359,0.007583951360205045,0.008281562774677474,0.008583126188823006,0.009230584997862626,0.014195543184981644,0.014309263237721123,0.014389590867093422,0.014554861737541452,0.018082635703425224,0.018395162343020882,0.018933107478017363,9.070962770626624e-05,0.0007484238006534103,0.0012915985406844134,0.0029179401228121237,0.004016727361576276,0.005193172354592559,0.006436308454726538,0.006641111584434365,0.006698372823910567,0.006929660877571829,0.007498748760229359,0.007583951360205045,0.008281562774677474,0.008583126188823006,0.009230584997862626,0.014195543184981644,0.014309263237721123,0.014389590867093422,0.014554861737541452,0.018082635703425224,0.018395162343020882,0.018933107478017363,,,,,,,,,,,,,,,,,,,,,,,,,,,,
RE:RXF 393,50,3,0.0031871240978668474,0.0031871240978668474,3.4838624984878663e-08,-1.7577185546505851e-09,-9.479736387421698e-11,-5.640683742574176e-11,-4.78867614507085e-11,-2.8162321650052058e-11,-1.8529677534647078e-11,-9.496510592873e-12,-9.378090006493568e-12,-6.092665868345781e-12,-5.695366487451503e-12,-4.775561050123292e-12,-4.774155314244029e-12,-4.7562171350901475e-12,-4.750570610175843e-12,-4.323862191142787e-12,-2.479179283198206e-12,-2.178544115396218e-12,-1.6189932017631262e-12,-1.1418178550012467e-12,-2.81937965812204e-13,-1.3353912160091186e-13,-6.862548452678946e-14,-3.438013220467828e-14,-4.743614897585735e-15,-3.414044220939605e-15,9.487040059791285e-16,3.7141242772292804e-15,2.6931676832230023e-14,5.2080762662568e-14,2.1552471450320826e-13,3.152045817281582e-13,4.681951305601437e-13,1.1847750021722406e-12,1.6050021554858684e-12,2.1837472693846116e-12,2.55555865640196e-12,2.657058275658264e-12,4.3088800214495515e-12,5.040662047375681e-12,6.8368928004885685e-12,1.1052219157773636e-11,1.8485055310437162e-11,2.041069834576425e-11,2.994006808427173e-11,3.4549517530214034e-11,8.357776395875177e-11,1.496484710781197e-10,1.8505570667564026e-09,9.062931765416736e-05,0.0007483499337974097,1.8505570667564026e-09,9.062931765416736e-05,0.0007483499337974097,,,,,,,,,,,,,,,,,,,,,,,,,,,,,,,,,,,,,,,,,,,,,,,
RE:SN12C,50,15,7.338588167177324,7.338588167177324,2.784604102856747e-08,-3.5131448758272824e-09,-1.6507313675966518e-10,-5.765407441282559e-11,-3.2210883062927e-11,-3.120050357939726e-11,-1.4227141180108739e-11,-1.3155130075006259e-11,-1.1727776153100562e-11,-8.637566749629573e-12,-5.952092036473969e-12,-5.173050532315988e-12,-4.9551991470556805e-12,-3.3423615573369495e-12,-2.8758157828842265e-12,-2.655465609771937e-12,-1.7698448636542866e-12,-1.6353693572945804e-12,-1.5716342073243683e-12,-8.895204722542821e-13,-1.5918367427154856e-13,4.30253001195563e-13,1.14761268522022e-12,1.8400860533635682e-12,3.252585199331297e-12,3.2681456147007e-12,5.309008115940428e-12,6.183163356321408e-12,9.695513841648587e-12,1.0684064283240577e-11,1.6064834006254344e-11,4.3143690185644575e-11,8.68123404651304e-11,1.2480498908374726e-10,1.924493563641716e-10,3.4958505232724228e-09,9.060547504661621e-05,0.0007470992672112521,0.0012927140299723076,0.0029080623286376487,0.004015404775759526,0.00519100224077161,0.006347315720633421,0.006543700518048804,0.006696060255898268,0.006875452675270956,0.007472917534257185,0.007575525228842057,0.00802667247624406,0.008641022647355072,0.00921603291820935,9.060547504661621e-05,0.0007470992672112521,0.0012927140299723076,0.0029080623286376487,0.004015404775759526,0.00519100224077161,0.006347315720633421,0.006543700518048804,0.006696060255898268,0.006875452675270956,0.007472917534257185,0.007575525228842057,0.00802667247624406,0.008641022647355072,0.00921603291820935,,,,,,,,,,,,,,,,,,,,,,,,,,,,,,,,,,,
RE:TK-10,50,22,7.336122212648759,7.336122212648759,1.9307260346046462e-08,-2.7987138947641954e-09,-3.0549663287363776e-10,-1.7129322945144427e-10,-1.216159431190536e-10,-3.8364006836231167e-11,-3.652767053673872e-11,-2.480504713577806e-11,-1.9524147340630078e-11,-1.668353047943119e-11,-7.658616159333421e-12,-6.915221094860001e-12,-6.8354513943578304e-12,-3.906548411039372e-12,-3.388110213393969e-12,-2.7905944021506743e-12,-1.1187803884270958e-12,1.9507449990205025e-12,2.3988534005340775e-12,4.204208893998293e-12,8.029362588766846e-12,1.5225175029683242e-11,1.645938875645403e-11,1.7440830965315297e-11,3.131833224560062e-11,5.956359892616246e-11,1.7864572278078472e-10,1.8912818736788704e-10,2.635237123784981e-09,9.062666317190241e-05,0.000746871454292545,0.0012940083168006494,0.002931387782380617,0.004023566662601337,0.00519034939225799,0.0064223920892974035,0.0066136518294257615,0.006699517211964538,0.006931407836027553,0.007499073191018324,0.007582060628167753,0.008244821762502325,0.008656913139641688,0.009230840102577147,0.014224901091955571,0.014320515044416938,0.014405815840143589,0.014551397691693266,0.017916158869472183,0.01846516968763878,0.01892875185302477,9.062666317190241e-05,0.000746871454292545,0.0012940083168006494,0.002931387782380617,0.004023566662601337,0.00519034939225799,0.0064223920892974035,0.0066136518294257615,0.006699517211964538,0.006931407836027553,0.007499073191018324,0.007582060628167753,0.008244821762502325,0.008656913139641688,0.009230840102577147,0.014224901091955571,0.014320515044416938,0.014405815840143589,0.014551397691693266,0.017916158869472183,0.01846516968763878,0.01892875185302477,,,,,,,,,,,,,,,,,,,,,,,,,,,,
RE:UO-31,50,15,7.323280334546526,7.323280334546526,3.445009033598012e-08,-3.2244767947164693e-09,-2.854441615121909e-10,-1.3427460410372037e-10,-7.290298792710266e-11,-3.18451619376681e-11,-2.444387002379679e-11,-2.1474930530672107e-11,-2.0928766925336524e-11,-1.2258342168484752e-11,-5.648204302812106e-12,-5.136230918118163e-12,-4.169381745237899e-12,-3.919533724276378e-12,-3.1845259122840336e-12,-1.9627758890850694e-12,-1.81704395182513e-12,-8.699658289763879e-13,-2.987642414280928e-14,4.198131507140643e-13,9.00395128464529e-13,2.526475692066557e-12,2.781287204126244e-12,2.953170124891588e-12,3.048110781790278e-12,3.813353780424307e-12,4.1823744988123135e-12,9.540071505128797e-12,2.3024481437096747e-11,2.3573538344349824e-11,2.8670629442068517e-11,2.9010466256898862e-11,5.7094851619427477e-11,8.514982161478713e-11,1.2123809604630467e-10,3.2591678725127967e-09,9.067526443811924e-05,0.0007456935579703328,0.0012797298233822132,0.0029181911928905604,0.004078671910997705,0.0051928845358848955,0.0064361170497111465,0.006654259327463867,0.006697849969864079,0.00692260858589186,0.007488353657996051,0.007559749425432187,0.008243331920957777,0.008576983908004132,0.009185214101415809,9.067526443811924e-05,0.0007456935579703328,0.0012797298233822132,0.0029181911928905604,0.004078671910997705,0.0051928845358848955,0.0064361170497111465,0.006654259327463867,0.006697849969864079,0.00692260858589186,0.007488353657996051,0.007559749425432187,0.008243331920957777,0.008576983908004132,0.009185214101415809,,,,,,,,,,,,,,,,,,,,,,,,,,,,,,,,,,,
