operator,perm_index,perm_auc
proteomics,0,0.36904761904761907
proteomics,1,0.4896825396825397
proteomics,2,0.25396825396825395
proteomics,3,0.4111111111111111
proteomics,4,0.2984126984126984
proteomics,5,0.32936507936507936
proteomics,6,0.719047619047619
proteomics,7,0.6007936507936508
proteomics,8,0.7253968253968254
proteomics,9,0.5904761904761905
proteomics,10,0.5261904761904761
proteomics,11,0.7365079365079366
proteomics,12,0.4714285714285714
proteomics,13,0.569047619047619
proteomics,14,0.38492063492063494
proteomics,15,0.33333333333333337
proteomics,16,0.5420634920634921
proteomics,17,0.6325396825396826
proteomics,18,0.5412698412698413
proteomics,19,0.4642857142857143
proteomics,20,0.46904761904761905
proteomics,21,0.22936507936507936
proteomics,22,0.5634920634920635
proteomics,23,0.37063492063492065
proteomics,24,0.6698412698412699
proteomics,25,0.22857142857142856
proteomics,26,0.6214285714285714
proteomics,27,0.6087301587301587
proteomics,28,0.2666666666666667
proteomics,29,0.46031746031746035
proteomics,30,0.5809523809523809
proteomics,31,0.47142857142857136
proteomics,32,0.711111111111111
proteomics,33,0.6428571428571429
proteomics,34,0.5650793650793651
proteomics,35,0.5738095238095238
proteomics,36,0.503968253968254
proteomics,37,0.37777777777777777
proteomics,38,0.40952380952380957
proteomics,39,0.36269841269841274
proteomics,40,0.41507936507936505
proteomics,41,0.29523809523809524
proteomics,42,0.373015873015873
proteomics,43,0.32142857142857145
proteomics,44,0.4920634920634921
proteomics,45,0.745238095238095
proteomics,46,0.3484126984126984
proteomics,47,0.1650793650793651
proteomics,48,0.5976190476190476
proteomics,49,0.646825396825397
proteomics,50,0.2698412698412699
proteomics,51,0.6214285714285714
proteomics,52,0.35
proteomics,53,0.6571428571428571
proteomics,54,0.7238095238095239
proteomics,55,0.46111111111111114
proteomics,56,0.6174603174603175
proteomics,57,0.2714285714285714
proteomics,58,0.20714285714285716
proteomics,59,0.06190476190476191
proteomics,60,0.4984126984126984
proteomics,61,0.2968253968253968
proteomics,62,0.7944444444444445
proteomics,63,0.5214285714285715
proteomics,64,0.376984126984127
proteomics,65,0.37857142857142856
proteomics,66,0.5230158730158732
proteomics,67,0.4976190476190476
proteomics,68,0.22777777777777777
proteomics,69,0.5857142857142857
proteomics,70,0.2928571428571428
proteomics,71,0.4920634920634921
proteomics,72,0.45396825396825397
proteomics,73,0.3753968253968254
proteomics,74,0.5896825396825396
proteomics,75,0.6761904761904762
proteomics,76,0.4
proteomics,77,0.14523809523809525
proteomics,78,0.5150793650793651
proteomics,79,0.5722222222222222
proteomics,80,0.3928571428571429
proteomics,81,0.7563492063492063
proteomics,82,0.3357142857142857
proteomics,83,0.569047619047619
proteomics,84,0.6357142857142858
proteomics,85,0.4666666666666667
proteomics,86,0.5293650793650794
proteomics,87,0.6063492063492064
proteomics,88,0.4722222222222222
proteomics,89,0.7230158730158731
proteomics,90,0.7396825396825398
proteomics,91,0.676984126984127
proteomics,92,0.6396825396825397
proteomics,93,0.39920634920634923
proteomics,94,0.573015873015873
proteomics,95,0.39920634920634923
proteomics,96,0.47777777777777775
proteomics,97,0.7476190476190476
proteomics,98,0.5277777777777778
proteomics,99,0.4801587301587301
proteomics,100,0.5293650793650794
proteomics,101,0.5325396825396826
proteomics,102,0.45476190476190476
proteomics,103,0.4111111111111111
proteomics,104,0.36269841269841274
proteomics,105,0.7690476190476192
proteomics,106,0.47063492063492063
proteomics,107,0.5563492063492064
proteomics,108,0.35793650793650794
proteomics,109,0.6309523809523808
proteomics,110,0.6880952380952381
proteomics,111,0.7634920634920636
proteomics,112,0.4896825396825397
proteomics,113,0.5452380952380952
proteomics,114,0.5936507936507937
proteomics,115,0.5420634920634921
proteomics,116,0.2785714285714286
proteomics,117,0.5865079365079364
proteomics,118,0.7253968253968253
proteomics,119,0.4103174603174603
proteomics,120,0.4920634920634921
proteomics,121,0.43015873015873013
proteomics,122,0.4309523809523809
proteomics,123,0.6373015873015873
proteomics,124,0.3952380952380953
proteomics,125,0.39126984126984127
proteomics,126,0.6515873015873016
proteomics,127,0.4515873015873016
proteomics,128,0.5714285714285714
proteomics,129,0.6849206349206349
proteomics,130,0.5452380952380953
proteomics,131,0.42142857142857143
proteomics,132,0.11111111111111112
proteomics,133,0.6150793650793652
proteomics,134,0.4134920634920635
proteomics,135,0.5769841269841269
proteomics,136,0.6563492063492063
proteomics,137,0.7833333333333333
proteomics,138,0.42936507936507934
proteomics,139,0.1761904761904762
proteomics,140,0.5857142857142857
proteomics,141,0.5301587301587303
proteomics,142,0.5126984126984127
proteomics,143,0.5055555555555555
proteomics,144,0.4825396825396826
proteomics,145,0.611111111111111
proteomics,146,0.5928571428571429
proteomics,147,0.3880952380952381
proteomics,148,0.7293650793650794
proteomics,149,0.4896825396825397
proteomics,150,0.4246031746031747
proteomics,151,0.6666666666666667
proteomics,152,0.5952380952380952
proteomics,153,0.41507936507936505
proteomics,154,0.39365079365079364
proteomics,155,0.5690476190476191
proteomics,156,0.5920634920634921
proteomics,157,0.44682539682539685
proteomics,158,0.36111111111111105
proteomics,159,0.5857142857142857
proteomics,160,0.24603174603174605
proteomics,161,0.4349206349206349
proteomics,162,0.469047619047619
proteomics,163,0.5523809523809524
proteomics,164,0.3206349206349206
proteomics,165,0.5666666666666667
proteomics,166,0.7087301587301587
proteomics,167,0.5015873015873016
proteomics,168,0.6222222222222222
proteomics,169,0.6261904761904763
proteomics,170,0.3936507936507937
proteomics,171,0.5333333333333333
proteomics,172,0.5142857142857142
proteomics,173,0.6031746031746031
proteomics,174,0.5246031746031746
proteomics,175,0.4642857142857143
proteomics,176,0.3238095238095238
proteomics,177,0.5103174603174604
proteomics,178,0.6730158730158731
proteomics,179,0.6626984126984127
proteomics,180,0.4920634920634921
proteomics,181,0.5301587301587302
proteomics,182,0.25793650793650796
proteomics,183,0.7896825396825398
proteomics,184,0.6373015873015873
proteomics,185,0.5071428571428571
proteomics,186,0.4904761904761905
proteomics,187,0.38015873015873014
proteomics,188,0.37142857142857144
proteomics,189,0.7253968253968254
proteomics,190,0.7714285714285714
proteomics,191,0.507936507936508
proteomics,192,0.4166666666666667
proteomics,193,0.5015873015873016
proteomics,194,0.4825396825396825
proteomics,195,0.4992063492063492
proteomics,196,0.5682539682539682
proteomics,197,0.7087301587301587
proteomics,198,0.46507936507936504
proteomics,199,0.40634920634920635
proteomics,200,0.638888888888889
proteomics,201,0.6214285714285714
proteomics,202,0.4976190476190476
proteomics,203,0.6182539682539683
proteomics,204,0.3388888888888889
proteomics,205,0.6095238095238096
proteomics,206,0.4714285714285714
proteomics,207,0.19841269841269843
proteomics,208,0.37777777777777777
proteomics,209,0.22777777777777777
proteomics,210,0.8293650793650793
proteomics,211,0.5682539682539682
proteomics,212,0.6214285714285716
proteomics,213,0.5936507936507938
proteomics,214,0.5214285714285714
proteomics,215,0.7619047619047619
proteomics,216,0.6111111111111112
proteomics,217,0.23174603174603176
proteomics,218,0.3968253968253968
proteomics,219,0.4674603174603174
proteomics,220,0.11111111111111112
proteomics,221,0.6047619047619048
proteomics,222,0.4182539682539682
proteomics,223,0.6126984126984129
proteomics,224,0.7452380952380951
proteomics,225,0.40634920634920635
proteomics,226,0.2873015873015873
proteomics,227,0.7357142857142855
proteomics,228,0.4920634920634921
proteomics,229,0.6587301587301587
proteomics,230,0.5309523809523811
proteomics,231,0.37936507936507935
proteomics,232,0.35238095238095235
proteomics,233,0.5920634920634921
proteomics,234,0.44841269841269843
proteomics,235,0.5261904761904762
proteomics,236,0.6063492063492064
proteomics,237,0.35079365079365077
proteomics,238,0.36190476190476184
proteomics,239,0.5793650793650794
proteomics,240,0.20634920634920637
proteomics,241,0.2563492063492064
proteomics,242,0.47222222222222215
proteomics,243,0.37142857142857144
proteomics,244,0.5547619047619048
proteomics,245,0.5444444444444445
proteomics,246,0.5952380952380952
proteomics,247,0.6722222222222223
proteomics,248,0.4126984126984127
proteomics,249,0.41428571428571426
proteomics,250,0.7325396825396826
proteomics,251,0.23730158730158726
proteomics,252,0.5317460317460319
proteomics,253,0.4722222222222223
proteomics,254,0.6150793650793651
proteomics,255,0.32142857142857145
proteomics,256,0.29365079365079366
proteomics,257,0.5150793650793651
proteomics,258,0.21507936507936512
proteomics,259,0.2492063492063492
proteomics,260,0.569047619047619
proteomics,261,0.3325396825396825
proteomics,262,0.5571428571428572
proteomics,263,0.2158730158730159
proteomics,264,0.29444444444444445
proteomics,265,0.5063492063492063
proteomics,266,0.30158730158730157
proteomics,267,0.8595238095238095
proteomics,268,0.36190476190476195
proteomics,269,0.4015873015873016
proteomics,270,0.4738095238095238
proteomics,271,0.6253968253968254
proteomics,272,0.47698412698412695
proteomics,273,0.6777777777777778
proteomics,274,0.5174603174603174
proteomics,275,0.3388888888888889
proteomics,276,0.6650793650793652
proteomics,277,0.33333333333333337
proteomics,278,0.7833333333333334
proteomics,279,0.5333333333333333
proteomics,280,0.16666666666666666
proteomics,281,0.42142857142857143
proteomics,282,0.515079365079365
proteomics,283,0.34523809523809523
proteomics,284,0.4595238095238095
proteomics,285,0.47063492063492063
proteomics,286,0.1738095238095238
proteomics,287,0.43095238095238103
proteomics,288,0.5857142857142857
proteomics,289,0.34285714285714286
proteomics,290,0.5412698412698413
proteomics,291,0.5817460317460317
proteomics,292,0.246031746031746
proteomics,293,0.40714285714285714
proteomics,294,0.47777777777777775
proteomics,295,0.3746031746031746
proteomics,296,0.711111111111111
proteomics,297,0.6007936507936507
proteomics,298,0.3666666666666667
proteomics,299,0.6206349206349208
proteomics,300,0.5515873015873016
proteomics,301,0.4158730158730159
proteomics,302,0.45
proteomics,303,0.7285714285714285
proteomics,304,0.6698412698412699
proteomics,305,0.5777777777777777
proteomics,306,0.6992063492063492
proteomics,307,0.5365079365079366
proteomics,308,0.4492063492063492
proteomics,309,0.41984126984126985
proteomics,310,0.5698412698412698
proteomics,311,0.6317460317460316
proteomics,312,0.45396825396825397
proteomics,313,0.6587301587301588
proteomics,314,0.4095238095238095
proteomics,315,0.4753968253968254
proteomics,316,0.4753968253968254
proteomics,317,0.1626984126984127
proteomics,318,0.4896825396825396
proteomics,319,0.5547619047619048
proteomics,320,0.44841269841269843
proteomics,321,0.6666666666666667
proteomics,322,0.5833333333333333
proteomics,323,0.5865079365079364
proteomics,324,0.45873015873015877
proteomics,325,0.7515873015873017
proteomics,326,0.6142857142857142
proteomics,327,0.30158730158730157
proteomics,328,0.5912698412698412
proteomics,329,0.5206349206349207
proteomics,330,0.3912698412698413
proteomics,331,0.7142857142857143
proteomics,332,0.18174603174603177
proteomics,333,0.38412698412698415
proteomics,334,0.6452380952380953
proteomics,335,0.5190476190476192
proteomics,336,0.576984126984127
proteomics,337,0.7428571428571429
proteomics,338,0.4722222222222222
proteomics,339,0.4444444444444445
proteomics,340,0.48730158730158735
proteomics,341,0.6142857142857142
proteomics,342,0.5785714285714285
proteomics,343,0.43571428571428567
proteomics,344,0.5301587301587303
proteomics,345,0.542063492063492
proteomics,346,0.32857142857142857
proteomics,347,0.47222222222222215
proteomics,348,0.28174603174603174
proteomics,349,0.6928571428571428
proteomics,350,0.711111111111111
proteomics,351,0.5753968253968254
proteomics,352,0.5492063492063493
proteomics,353,0.5857142857142856
proteomics,354,0.523809523809524
proteomics,355,0.38571428571428573
proteomics,356,0.3801587301587302
proteomics,357,0.5793650793650794
proteomics,358,0.33015873015873015
proteomics,359,0.29523809523809524
proteomics,360,0.5436507936507937
proteomics,361,0.36428571428571427
proteomics,362,0.2968253968253968
proteomics,363,0.48015873015873023
proteomics,364,0.46269841269841266
proteomics,365,0.5698412698412698
proteomics,366,0.7317460317460318
proteomics,367,0.5301587301587303
proteomics,368,0.37777777777777777
proteomics,369,0.32698412698412693
proteomics,370,0.6865079365079365
proteomics,371,0.5111111111111111
proteomics,372,0.6880952380952381
proteomics,373,0.46825396825396826
proteomics,374,0.4261904761904762
proteomics,375,0.46984126984126984
proteomics,376,0.4238095238095238
proteomics,377,0.5015873015873016
proteomics,378,0.3023809523809524
proteomics,379,0.5587301587301587
proteomics,380,0.4253968253968254
proteomics,381,0.5031746031746032
proteomics,382,0.4587301587301587
proteomics,383,0.638888888888889
proteomics,384,0.584920634920635
proteomics,385,0.5738095238095238
proteomics,386,0.23333333333333334
proteomics,387,0.7261904761904763
proteomics,388,0.2246031746031746
proteomics,389,0.18095238095238095
proteomics,390,0.3119047619047619
proteomics,391,0.5793650793650793
proteomics,392,0.4523809523809524
proteomics,393,0.488095238095238
proteomics,394,0.4912698412698413
proteomics,395,0.23492063492063492
proteomics,396,0.43888888888888894
proteomics,397,0.5761904761904761
proteomics,398,0.5111111111111111
proteomics,399,0.3253968253968254
proteomics,400,0.4412698412698413
proteomics,401,0.4253968253968255
proteomics,402,0.503968253968254
proteomics,403,0.41904761904761906
proteomics,404,0.3412698412698413
proteomics,405,0.5563492063492064
proteomics,406,0.5325396825396826
proteomics,407,0.3904761904761904
proteomics,408,0.38571428571428573
proteomics,409,0.5817460317460318
proteomics,410,0.4087301587301587
proteomics,411,0.5079365079365079
proteomics,412,0.49444444444444446
proteomics,413,0.4214285714285714
proteomics,414,0.32698412698412693
proteomics,415,0.2857142857142857
proteomics,416,0.6642857142857143
proteomics,417,0.7634920634920634
proteomics,418,0.42936507936507945
proteomics,419,0.23412698412698413
proteomics,420,0.5547619047619048
proteomics,421,0.3285714285714286
proteomics,422,0.39126984126984127
proteomics,423,0.26349206349206356
proteomics,424,0.46428571428571425
proteomics,425,0.580952380952381
proteomics,426,0.6230158730158729
proteomics,427,0.6444444444444445
proteomics,428,0.6277777777777779
proteomics,429,0.6936507936507936
proteomics,430,0.611111111111111
proteomics,431,0.39126984126984127
proteomics,432,0.43968253968253973
proteomics,433,0.6738095238095239
proteomics,434,0.6904761904761905
proteomics,435,0.55
proteomics,436,0.5785714285714285
proteomics,437,0.45555555555555555
proteomics,438,0.5976190476190475
proteomics,439,0.33333333333333337
proteomics,440,0.588095238095238
proteomics,441,0.5333333333333334
proteomics,442,0.38730158730158737
proteomics,443,0.5587301587301587
proteomics,444,0.38412698412698415
proteomics,445,0.7658730158730158
proteomics,446,0.6317460317460317
proteomics,447,0.5190476190476191
proteomics,448,0.5992063492063492
proteomics,449,0.35634920634920636
proteomics,450,0.5452380952380953
proteomics,451,0.5698412698412698
proteomics,452,0.6992063492063492
proteomics,453,0.5007936507936508
proteomics,454,0.5753968253968254
proteomics,455,0.19682539682539685
proteomics,456,0.6515873015873016
proteomics,457,0.5817460317460317
proteomics,458,0.45396825396825397
proteomics,459,0.488095238095238
proteomics,460,0.5468253968253969
proteomics,461,0.6063492063492063
proteomics,462,0.4023809523809524
proteomics,463,0.5531746031746032
proteomics,464,0.4666666666666667
proteomics,465,0.42063492063492064
proteomics,466,0.6222222222222221
proteomics,467,0.4095238095238095
proteomics,468,0.6968253968253968
proteomics,469,0.642063492063492
proteomics,470,0.5626984126984127
proteomics,471,0.6055555555555555
proteomics,472,0.5436507936507937
proteomics,473,0.3388888888888889
proteomics,474,0.36190476190476184
proteomics,475,0.4896825396825396
proteomics,476,0.4698412698412698
proteomics,477,0.30158730158730157
proteomics,478,0.5587301587301587
proteomics,479,0.5992063492063492
proteomics,480,0.37857142857142856
proteomics,481,0.35396825396825393
proteomics,482,0.5301587301587303
proteomics,483,0.41984126984126985
proteomics,484,0.37142857142857144
proteomics,485,0.4023809523809524
proteomics,486,0.5777777777777777
proteomics,487,0.4920634920634921
proteomics,488,0.4412698412698413
proteomics,489,0.47777777777777775
proteomics,490,0.5944444444444444
proteomics,491,0.5912698412698412
proteomics,492,0.5611111111111111
proteomics,493,0.5111111111111112
proteomics,494,0.5253968253968254
proteomics,495,0.43650793650793657
proteomics,496,0.5928571428571429
proteomics,497,0.6134920634920635
proteomics,498,0.5873015873015872
proteomics,499,0.5722222222222222
proteomics,500,0.6825396825396826
proteomics,501,0.6087301587301587
proteomics,502,0.8468253968253968
proteomics,503,0.6039682539682539
proteomics,504,0.8301587301587302
proteomics,505,0.31666666666666665
proteomics,506,0.5658730158730159
proteomics,507,0.7047619047619047
proteomics,508,0.3119047619047619
proteomics,509,0.6190476190476191
proteomics,510,0.47857142857142854
proteomics,511,0.3674603174603175
proteomics,512,0.6126984126984126
proteomics,513,0.6746031746031746
proteomics,514,0.5158730158730158
proteomics,515,0.7396825396825397
proteomics,516,0.31111111111111106
proteomics,517,0.24841269841269842
proteomics,518,0.6325396825396826
proteomics,519,0.5079365079365079
proteomics,520,0.5603174603174603
proteomics,521,0.31825396825396823
proteomics,522,0.5674603174603174
proteomics,523,0.5904761904761905
proteomics,524,0.569047619047619
proteomics,525,0.6198412698412699
proteomics,526,0.5523809523809524
proteomics,527,0.4428571428571428
proteomics,528,0.4650793650793651
proteomics,529,0.6023809523809524
proteomics,530,0.31587301587301586
proteomics,531,0.23968253968253966
proteomics,532,0.5444444444444445
proteomics,533,0.38809523809523805
proteomics,534,0.746031746031746
proteomics,535,0.40714285714285714
proteomics,536,0.7079365079365079
proteomics,537,0.5087301587301587
proteomics,538,0.6547619047619048
proteomics,539,0.3936507936507937
proteomics,540,0.7047619047619048
proteomics,541,0.3674603174603175
proteomics,542,0.37777777777777777
proteomics,543,0.23492063492063492
proteomics,544,0.6444444444444446
proteomics,545,0.4571428571428572
proteomics,546,0.31984126984126987
proteomics,547,0.3055555555555556
proteomics,548,0.6365079365079366
proteomics,549,0.3476190476190476
proteomics,550,0.7547619047619049
proteomics,551,0.5103174603174604
proteomics,552,0.5468253968253969
proteomics,553,0.5992063492063492
proteomics,554,0.6460317460317461
proteomics,555,0.5515873015873016
proteomics,556,0.6111111111111112
proteomics,557,0.6166666666666667
proteomics,558,0.5817460317460317
proteomics,559,0.8158730158730159
proteomics,560,0.5857142857142857
proteomics,561,0.6984126984126984
proteomics,562,0.6142857142857143
proteomics,563,0.423015873015873
proteomics,564,0.3857142857142858
proteomics,565,0.42142857142857143
proteomics,566,0.37380952380952376
proteomics,567,0.4793650793650793
proteomics,568,0.46825396825396826
proteomics,569,0.4841269841269842
proteomics,570,0.5023809523809525
proteomics,571,0.6174603174603176
proteomics,572,0.22857142857142856
proteomics,573,0.6126984126984127
proteomics,574,0.2174603174603175
proteomics,575,0.3380952380952381
proteomics,576,0.5119047619047619
proteomics,577,0.4531746031746032
proteomics,578,0.6412698412698413
proteomics,579,0.5611111111111111
proteomics,580,0.3682539682539683
proteomics,581,0.6261904761904763
proteomics,582,0.4031746031746032
proteomics,583,0.638095238095238
proteomics,584,0.6420634920634921
proteomics,585,0.32222222222222224
proteomics,586,0.6063492063492063
proteomics,587,0.13333333333333336
proteomics,588,0.4341269841269841
proteomics,589,0.5722222222222222
proteomics,590,0.6904761904761905
proteomics,591,0.6603174603174603
proteomics,592,0.4261904761904763
proteomics,593,0.596031746031746
proteomics,594,0.6468253968253967
proteomics,595,0.3944444444444445
proteomics,596,0.7468253968253968
proteomics,597,0.22222222222222224
proteomics,598,0.45317460317460323
proteomics,599,0.5134920634920634
proteomics,600,0.7746031746031746
proteomics,601,0.4658730158730159
proteomics,602,0.36587301587301585
proteomics,603,0.6238095238095239
proteomics,604,0.4603174603174603
proteomics,605,0.7444444444444445
proteomics,606,0.5896825396825397
proteomics,607,0.5309523809523808
proteomics,608,0.5642857142857143
proteomics,609,0.43571428571428567
proteomics,610,0.5071428571428571
proteomics,611,0.4666666666666667
proteomics,612,0.4928571428571429
proteomics,613,0.680952380952381
proteomics,614,0.36587301587301585
proteomics,615,0.48888888888888893
proteomics,616,0.6174603174603175
proteomics,617,0.48809523809523814
proteomics,618,0.5650793650793651
proteomics,619,0.3341269841269841
proteomics,620,0.4738095238095238
proteomics,621,0.5063492063492063
proteomics,622,0.692063492063492
proteomics,623,0.6857142857142857
proteomics,624,0.31349206349206343
proteomics,625,0.4666666666666667
proteomics,626,0.4317460317460317
proteomics,627,0.49285714285714277
proteomics,628,0.653968253968254
proteomics,629,0.515079365079365
proteomics,630,0.6380952380952382
proteomics,631,0.5857142857142856
proteomics,632,0.29365079365079366
proteomics,633,0.473015873015873
proteomics,634,0.49682539682539684
proteomics,635,0.6166666666666668
proteomics,636,0.5119047619047619
proteomics,637,0.5936507936507937
proteomics,638,0.434920634920635
proteomics,639,0.3682539682539682
proteomics,640,0.5190476190476191
proteomics,641,0.5920634920634921
proteomics,642,0.37777777777777777
proteomics,643,0.6126984126984127
proteomics,644,0.4674603174603174
proteomics,645,0.7055555555555555
proteomics,646,0.39841269841269844
proteomics,647,0.6
proteomics,648,0.642857142857143
proteomics,649,0.23253968253968255
proteomics,650,0.8444444444444444
proteomics,651,0.5007936507936507
proteomics,652,0.46349206349206346
proteomics,653,0.27380952380952384
proteomics,654,0.38095238095238093
proteomics,655,0.5682539682539682
proteomics,656,0.32222222222222224
proteomics,657,0.8214285714285715
proteomics,658,0.2666666666666667
proteomics,659,0.49444444444444446
proteomics,660,0.6515873015873016
proteomics,661,0.5031746031746033
proteomics,662,0.569047619047619
proteomics,663,0.373015873015873
proteomics,664,0.3404761904761905
proteomics,665,0.7301587301587303
proteomics,666,0.45555555555555555
proteomics,667,0.5190476190476191
proteomics,668,0.5182539682539683
proteomics,669,0.4809523809523809
proteomics,670,0.5785714285714285
proteomics,671,0.746031746031746
proteomics,672,0.4904761904761905
proteomics,673,0.4515873015873016
proteomics,674,0.4174603174603175
proteomics,675,0.5777777777777777
proteomics,676,0.49603174603174605
proteomics,677,0.7119047619047618
proteomics,678,0.3817460317460317
proteomics,679,0.4015873015873016
proteomics,680,0.43650793650793657
proteomics,681,0.6658730158730158
proteomics,682,0.665079365079365
proteomics,683,0.5944444444444444
proteomics,684,0.3746031746031746
proteomics,685,0.7277777777777779
proteomics,686,0.29047619047619044
proteomics,687,0.5087301587301587
proteomics,688,0.6380952380952379
proteomics,689,0.2555555555555556
proteomics,690,0.32936507936507936
proteomics,691,0.7468253968253968
proteomics,692,0.553968253968254
proteomics,693,0.3634920634920635
proteomics,694,0.4253968253968254
proteomics,695,0.5246031746031745
proteomics,696,0.46031746031746035
proteomics,697,0.45952380952380956
proteomics,698,0.630952380952381
proteomics,699,0.5595238095238095
proteomics,700,0.611904761904762
proteomics,701,0.5817460317460318
proteomics,702,0.3912698412698413
proteomics,703,0.4031746031746032
proteomics,704,0.42698412698412697
proteomics,705,0.6674603174603174
proteomics,706,0.5896825396825396
proteomics,707,0.6603174603174603
proteomics,708,0.5650793650793651
proteomics,709,0.7142857142857142
proteomics,710,0.45714285714285713
proteomics,711,0.6396825396825395
proteomics,712,0.5896825396825397
proteomics,713,0.43015873015873013
proteomics,714,0.5444444444444445
proteomics,715,0.526984126984127
proteomics,716,0.7476190476190477
proteomics,717,0.42142857142857143
proteomics,718,0.17936507936507937
proteomics,719,0.6746031746031746
proteomics,720,0.5420634920634921
proteomics,721,0.692063492063492
proteomics,722,0.3373015873015873
proteomics,723,0.596031746031746
proteomics,724,0.6753968253968254
proteomics,725,0.26746031746031745
proteomics,726,0.5484126984126985
proteomics,727,0.5626984126984128
proteomics,728,0.47857142857142854
proteomics,729,0.580952380952381
proteomics,730,0.746825396825397
proteomics,731,0.5515873015873016
proteomics,732,0.6492063492063492
proteomics,733,0.32857142857142857
proteomics,734,0.6365079365079366
proteomics,735,0.4634920634920635
proteomics,736,0.5174603174603174
proteomics,737,0.6714285714285715
proteomics,738,0.35317460317460314
proteomics,739,0.4341269841269841
proteomics,740,0.4015873015873016
proteomics,741,0.49444444444444446
proteomics,742,0.2992063492063492
proteomics,743,0.330952380952381
proteomics,744,0.580952380952381
proteomics,745,0.5865079365079365
proteomics,746,0.5603174603174602
proteomics,747,0.3603174603174603
proteomics,748,0.5682539682539682
proteomics,749,0.8396825396825397
proteomics,750,0.5325396825396825
proteomics,751,0.4031746031746032
proteomics,752,0.4619047619047619
proteomics,753,0.4404761904761905
proteomics,754,0.826984126984127
proteomics,755,0.6523809523809525
proteomics,756,0.43650793650793657
proteomics,757,0.20396825396825397
proteomics,758,0.5468253968253969
proteomics,759,0.5198412698412698
proteomics,760,0.3825396825396825
proteomics,761,0.5944444444444444
proteomics,762,0.7039682539682539
proteomics,763,0.46507936507936504
proteomics,764,0.28968253968253965
proteomics,765,0.2
proteomics,766,0.6253968253968254
proteomics,767,0.7690476190476192
proteomics,768,0.26507936507936514
proteomics,769,0.5396825396825398
proteomics,770,0.8166666666666667
proteomics,771,0.707936507936508
proteomics,772,0.6793650793650794
proteomics,773,0.5206349206349207
proteomics,774,0.6666666666666667
proteomics,775,0.47777777777777775
proteomics,776,0.6246031746031745
proteomics,777,0.4555555555555556
proteomics,778,0.7063492063492063
proteomics,779,0.807936507936508
proteomics,780,0.41904761904761906
proteomics,781,0.27936507936507937
proteomics,782,0.46428571428571425
proteomics,783,0.6222222222222222
proteomics,784,0.32301587301587303
proteomics,785,0.5412698412698413
proteomics,786,0.34365079365079365
proteomics,787,0.3904761904761904
proteomics,788,0.826984126984127
proteomics,789,0.5
proteomics,790,0.6523809523809524
proteomics,791,0.3992063492063492
proteomics,792,0.5746031746031746
proteomics,793,0.5293650793650794
proteomics,794,0.6253968253968254
proteomics,795,0.2984126984126984
proteomics,796,0.3746031746031746
proteomics,797,0.4142857142857143
proteomics,798,0.3603174603174603
proteomics,799,0.43888888888888894
proteomics,800,0.5341269841269841
proteomics,801,0.373015873015873
proteomics,802,0.48650793650793656
proteomics,803,0.3142857142857143
proteomics,804,0.4595238095238095
proteomics,805,0.3753968253968254
proteomics,806,0.5992063492063492
proteomics,807,0.46904761904761905
proteomics,808,0.6777777777777778
proteomics,809,0.34047619047619043
proteomics,810,0.6055555555555555
proteomics,811,0.696031746031746
proteomics,812,0.35634920634920636
proteomics,813,0.5722222222222222
proteomics,814,0.6888888888888889
proteomics,815,0.4753968253968254
proteomics,816,0.6984126984126985
proteomics,817,0.5063492063492063
proteomics,818,0.49523809523809526
proteomics,819,0.596031746031746
proteomics,820,0.5825396825396825
proteomics,821,0.6301587301587303
proteomics,822,0.5333333333333333
proteomics,823,0.4119047619047619
proteomics,824,0.6658730158730158
proteomics,825,0.4174603174603175
proteomics,826,0.30238095238095236
proteomics,827,0.6841269841269842
proteomics,828,0.665873015873016
proteomics,829,0.2761904761904762
proteomics,830,0.488095238095238
proteomics,831,0.26031746031746034
proteomics,832,0.5071428571428571
proteomics,833,0.484920634920635
proteomics,834,0.35634920634920636
proteomics,835,0.6412698412698413
proteomics,836,0.3253968253968254
proteomics,837,0.7714285714285716
proteomics,838,0.3111111111111111
proteomics,839,0.6039682539682539
proteomics,840,0.5246031746031746
proteomics,841,0.39206349206349206
proteomics,842,0.5190476190476191
proteomics,843,0.43650793650793646
proteomics,844,0.5571428571428572
proteomics,845,0.7761904761904763
proteomics,846,0.4412698412698412
proteomics,847,0.5444444444444445
proteomics,848,0.4666666666666667
proteomics,849,0.48650793650793656
proteomics,850,0.25158730158730164
proteomics,851,0.5888888888888889
proteomics,852,0.680952380952381
proteomics,853,0.43809523809523804
proteomics,854,0.5603174603174603
proteomics,855,0.6111111111111112
proteomics,856,0.569047619047619
proteomics,857,0.4261904761904762
proteomics,858,0.6730158730158731
proteomics,859,0.43730158730158736
proteomics,860,0.5666666666666667
proteomics,861,0.2984126984126984
proteomics,862,0.46031746031746035
proteomics,863,0.6357142857142858
proteomics,864,0.5793650793650793
proteomics,865,0.5587301587301587
proteomics,866,0.3833333333333333
proteomics,867,0.5373015873015874
proteomics,868,0.5333333333333333
proteomics,869,0.5063492063492063
proteomics,870,0.5650793650793651
proteomics,871,0.47301587301587295
proteomics,872,0.6095238095238096
proteomics,873,0.4436507936507937
proteomics,874,0.6690476190476191
proteomics,875,0.5039682539682541
proteomics,876,0.5007936507936508
proteomics,877,0.6714285714285715
proteomics,878,0.41825396825396827
proteomics,879,0.2833333333333333
proteomics,880,0.41031746031746036
proteomics,881,0.4976190476190475
proteomics,882,0.3373015873015873
proteomics,883,0.6341269841269841
proteomics,884,0.29047619047619044
proteomics,885,0.5738095238095238
proteomics,886,0.5023809523809524
proteomics,887,0.6484126984126984
proteomics,888,0.5182539682539683
proteomics,889,0.5682539682539682
proteomics,890,0.5436507936507936
proteomics,891,0.4158730158730159
proteomics,892,0.6166666666666667
proteomics,893,0.6357142857142858
proteomics,894,0.42063492063492064
proteomics,895,0.5
proteomics,896,0.45
proteomics,897,0.5309523809523811
proteomics,898,0.55
proteomics,899,0.4007936507936508
proteomics,900,0.5571428571428572
proteomics,901,0.4746031746031745
proteomics,902,0.3476190476190476
proteomics,903,0.5515873015873016
proteomics,904,0.3817460317460317
proteomics,905,0.4055555555555556
proteomics,906,0.4992063492063492
proteomics,907,0.6793650793650794
proteomics,908,0.2785714285714286
proteomics,909,0.34206349206349207
proteomics,910,0.3396825396825397
proteomics,911,0.6888888888888889
proteomics,912,0.5833333333333334
proteomics,913,0.6023809523809524
proteomics,914,0.5317460317460317
proteomics,915,0.5746031746031746
proteomics,916,0.5277777777777779
proteomics,917,0.2111111111111111
proteomics,918,0.4698412698412698
proteomics,919,0.7777777777777779
proteomics,920,0.4095238095238095
proteomics,921,0.4634920634920635
proteomics,922,0.696031746031746
proteomics,923,0.5460317460317461
proteomics,924,0.6619047619047619
proteomics,925,0.5277777777777778
proteomics,926,0.5031746031746032
proteomics,927,0.5587301587301587
proteomics,928,0.7325396825396826
proteomics,929,0.5246031746031746
proteomics,930,0.5682539682539682
proteomics,931,0.3865079365079366
proteomics,932,0.638888888888889
proteomics,933,0.5753968253968254
proteomics,934,0.36587301587301596
proteomics,935,0.6277777777777779
proteomics,936,0.5333333333333333
proteomics,937,0.40555555555555556
proteomics,938,0.6880952380952381
proteomics,939,0.5412698412698413
proteomics,940,0.5357142857142858
proteomics,941,0.7071428571428572
proteomics,942,0.5492063492063493
proteomics,943,0.4587301587301587
proteomics,944,0.703968253968254
proteomics,945,0.41507936507936505
proteomics,946,0.484920634920635
proteomics,947,0.42936507936507934
proteomics,948,0.4936507936507937
proteomics,949,0.35317460317460314
proteomics,950,0.5428571428571429
proteomics,951,0.4603174603174603
proteomics,952,0.33650793650793653
proteomics,953,0.7809523809523811
proteomics,954,0.5119047619047619
proteomics,955,0.6158730158730159
proteomics,956,0.2976190476190476
proteomics,957,0.5793650793650794
proteomics,958,0.33650793650793653
proteomics,959,0.5587301587301587
proteomics,960,0.28253968253968254
proteomics,961,0.653968253968254
proteomics,962,0.569047619047619
proteomics,963,0.5357142857142857
proteomics,964,0.7182539682539683
proteomics,965,0.4428571428571429
proteomics,966,0.5817460317460317
proteomics,967,0.3896825396825397
proteomics,968,0.6476190476190476
proteomics,969,0.6952380952380952
proteomics,970,0.5698412698412698
proteomics,971,0.6642857142857144
proteomics,972,0.5285714285714286
proteomics,973,0.4904761904761905
proteomics,974,0.39920634920634923
proteomics,975,0.6357142857142858
proteomics,976,0.6373015873015874
proteomics,977,0.5373015873015874
proteomics,978,0.34523809523809523
proteomics,979,0.39761904761904765
proteomics,980,0.6222222222222221
proteomics,981,0.3373015873015873
proteomics,982,0.5365079365079366
proteomics,983,0.5087301587301587
proteomics,984,0.5063492063492063
proteomics,985,0.47857142857142854
proteomics,986,0.47698412698412707
proteomics,987,0.7158730158730159
proteomics,988,0.28174603174603174
proteomics,989,0.6285714285714286
proteomics,990,0.22301587301587303
proteomics,991,0.7873015873015874
proteomics,992,0.4071428571428572
proteomics,993,0.5301587301587303
proteomics,994,0.5825396825396826
proteomics,995,0.5801587301587301
proteomics,996,0.473015873015873
proteomics,997,0.553968253968254
proteomics,998,0.5468253968253969
proteomics,999,0.7333333333333334
