cell_line,panel_size,trial,panel_type,distortion,geometry_aware_distortion,random_mean_distortion,advantage,n_valid_random_trials,nontrivial_full_rank
BR:MCF7,50,-1,summary,,1.10949943935558,1.2766881430197166,0.16718870366413663,10.0,15.0
BR:MCF7,100,-1,summary,,0.9902854892517114,1.3556128205865436,0.3653273313348322,10.0,15.0
BR:MCF7,200,-1,summary,,0.9635452993562765,1.3880219029374332,0.4244766035811567,10.0,15.0
BR:MCF7,500,-1,summary,,0.8379590523804894,1.4055038736789736,0.5675448212984842,10.0,15.0
BR:MDA-MB-231,50,-1,summary,,1.1088186955172084,1.2785942824213499,0.16977558690414152,10.0,22.0
BR:MDA-MB-231,100,-1,summary,,0.9879909053029619,1.3738692297623623,0.3858783244594004,10.0,22.0
BR:MDA-MB-231,200,-1,summary,,0.9636075558742657,1.3948494979754082,0.43124194210114253,10.0,22.0
BR:MDA-MB-231,500,-1,summary,,0.8375585315990792,1.4079642124590799,0.5704056808600007,10.0,22.0
BR:HS 578T,50,-1,summary,,1.1090656725139225,1.3035371515139222,0.19447147899999973,10.0,15.0
BR:HS 578T,100,-1,summary,,0.987637008652756,1.3617356718860159,0.3740986632332598,10.0,15.0
BR:HS 578T,200,-1,summary,,0.9628209540037225,1.3863944286213514,0.42357347461762895,10.0,15.0
BR:HS 578T,500,-1,summary,,0.8370558950541942,1.4074790611037515,0.5704231660495573,10.0,15.0
BR:BT-549,50,-1,summary,,1.1103658873731805,1.2817826527146843,0.17141676534150374,10.0,22.0
BR:BT-549,100,-1,summary,,0.9840837642054784,1.359023313528729,0.3749395493232507,10.0,22.0
BR:BT-549,200,-1,summary,,0.9627417699620318,1.3968036869315235,0.4340619169694917,10.0,22.0
BR:BT-549,500,-1,summary,,0.833982051237759,1.3914170568100028,0.5574350055722438,10.0,22.0
BR:T-47D,50,-1,summary,,1.1087592296854578,1.2928877421867928,0.184128512501335,10.0,22.0
BR:T-47D,100,-1,summary,,0.991297757293404,1.3576981885909511,0.3664004312975472,10.0,22.0
BR:T-47D,200,-1,summary,,0.9634901662166169,1.3915627817896081,0.42807261557299126,10.0,22.0
BR:T-47D,500,-1,summary,,0.8383597848155517,1.4094504555767498,0.571090670761198,10.0,22.0
CNS:SF-268,50,-1,summary,,1.1093920312616425,1.2502453301082235,0.14085329884658093,10.0,22.0
CNS:SF-268,100,-1,summary,,0.9865635752498355,1.3759379502783469,0.38937437502851135,10.0,22.0
CNS:SF-268,200,-1,summary,,0.9630609728573531,1.4003285878827605,0.43726761502540734,10.0,22.0
CNS:SF-268,500,-1,summary,,0.8332402949463097,1.4088295957588581,0.5755893008125484,10.0,22.0
CNS:SF-295,50,-1,summary,,1.409236308603476,1.1618856682904606,-0.24735064031301546,10.0,5.0
CNS:SF-295,100,-1,summary,,1.4102152971547246,1.3220786984430988,-0.08813659871162582,10.0,5.0
CNS:SF-295,200,-1,summary,,1.4122562785797688,1.3553061952309273,-0.05695008334884144,10.0,5.0
CNS:SF-295,500,-1,summary,,1.4141563762980935,1.4014409047545193,-0.01271547154357422,10.0,5.0
CNS:SNB-19,50,-1,summary,,1.1087873570531164,1.2817055347313666,0.17291817767825024,10.0,22.0
CNS:SNB-19,100,-1,summary,,0.9873086693844273,1.3547150028618922,0.3674063334774649,10.0,22.0
CNS:SNB-19,200,-1,summary,,0.9633029271890425,1.3921621361105538,0.4288592089215113,10.0,22.0
CNS:SNB-19,500,-1,summary,,0.8334574712795536,1.4074396373130615,0.5739821660335079,10.0,22.0
CNS:SNB-75,50,-1,summary,,1.109927471404964,1.2765804815130473,0.1666530101080832,10.0,22.0
CNS:SNB-75,100,-1,summary,,0.982816791737939,1.3613349635148821,0.37851817177694314,10.0,22.0
CNS:SNB-75,200,-1,summary,,0.9626563432895122,1.3831098979887653,0.42045355469925305,10.0,22.0
CNS:SNB-75,500,-1,summary,,0.8348857100095857,1.3926333207022237,0.557747610692638,10.0,22.0
CNS:U251,50,-1,summary,,1.1094717083779966,1.271458204097518,0.1619864957195214,10.0,22.0
CNS:U251,100,-1,summary,,0.9918878404293401,1.3706156940243428,0.3787278535950027,10.0,22.0
CNS:U251,200,-1,summary,,0.9633320335486925,1.4065156585743088,0.44318362502561637,10.0,22.0
CNS:U251,500,-1,summary,,0.837399858676555,1.3930393933458105,0.5556395346692555,10.0,22.0
CO:COLO 205,50,-1,summary,,1.1093697488625132,1.2529185803991705,0.14354883153665732,10.0,22.0
CO:COLO 205,100,-1,summary,,0.9903193683718826,1.370962739331423,0.3806433709595404,10.0,22.0
CO:COLO 205,200,-1,summary,,0.9630126359667536,1.386135479612522,0.42312284364576846,10.0,22.0
CO:COLO 205,500,-1,summary,,0.8341804852938004,1.3978369044124421,0.5636564191186417,10.0,22.0
CO:HCC-2998,50,-1,summary,,1.1124385428697772,1.2979068957057784,0.18546835283600127,10.0,22.0
CO:HCC-2998,100,-1,summary,,0.9903095776420995,1.3400432737431047,0.34973369610100524,10.0,22.0
CO:HCC-2998,200,-1,summary,,0.9638114658961023,1.3895146912813052,0.4257032253852029,10.0,22.0
CO:HCC-2998,500,-1,summary,,0.9346357032210025,1.389635668063717,0.45499996484271443,10.0,22.0
CO:HCT-116,50,-1,summary,,1.1091538067062003,1.2907457737565173,0.181591967050317,10.0,15.0
CO:HCT-116,100,-1,summary,,0.9883936148090736,1.374613539761158,0.38621992495208446,10.0,15.0
CO:HCT-116,200,-1,summary,,0.9635469083708081,1.3952424273692796,0.4316955189984715,10.0,15.0
CO:HCT-116,500,-1,summary,,0.8378549347601238,1.4066694440893337,0.5688145093292098,10.0,15.0
CO:HCT-15,50,-1,summary,,1.4089418605832547,1.3441148533184248,-0.06482700726482982,10.0,2.0
CO:HCT-15,100,-1,summary,,1.410616843127965,1.3545675112088602,-0.05604933191910488,10.0,2.0
CO:HCT-15,200,-1,summary,,1.411573116445809,1.4034104390054383,-0.008162677440370691,10.0,2.0
CO:HCT-15,500,-1,summary,,1.4140458249376473,1.4118334171898126,-0.0022124077478347104,10.0,2.0
CO:HT29,50,-1,summary,,1.1091729540805813,1.2754776662631238,0.1663047121825425,10.0,22.0
CO:HT29,100,-1,summary,,0.9906321725585377,1.3515283500356043,0.3608961774770666,10.0,22.0
CO:HT29,200,-1,summary,,0.9636174305183617,1.3996254520049622,0.43600802148660056,10.0,22.0
CO:HT29,500,-1,summary,,0.8347492515806849,1.4022151324584142,0.5674658808777293,10.0,22.0
CO:KM12,50,-1,summary,,1.1095333935810225,1.292460544718772,0.1829271511377495,10.0,22.0
CO:KM12,100,-1,summary,,0.9910800508133933,1.3748828006593288,0.38380274984593543,10.0,22.0
CO:KM12,200,-1,summary,,0.9633794444482844,1.404646436773187,0.44126699232490263,10.0,22.0
CO:KM12,500,-1,summary,,0.836620451758989,1.4109222444823282,0.5743017927233391,10.0,22.0
CO:SW-620,50,-1,summary,,1.108894700071323,1.2783331315038413,0.16943843143251835,10.0,22.0
CO:SW-620,100,-1,summary,,0.9888184814715182,1.3561712735637175,0.3673527920921993,10.0,22.0
CO:SW-620,200,-1,summary,,0.9640442929563936,1.3991378608053584,0.4350935678489648,10.0,22.0
CO:SW-620,500,-1,summary,,0.9379342309262169,1.4018446878095117,0.4639104568832948,10.0,22.0
LE:CCRF-CEM,50,-1,summary,,1.1090692640346784,1.298843911394901,0.18977464736022265,10.0,22.0
LE:CCRF-CEM,100,-1,summary,,0.9891967665428164,1.3466223854943875,0.3574256189515711,10.0,22.0
LE:CCRF-CEM,200,-1,summary,,0.9640554670103392,1.3879116411125163,0.42385617410217713,10.0,22.0
LE:CCRF-CEM,500,-1,summary,,0.8379865876781177,1.4086653905059103,0.5706788028277926,10.0,22.0
LE:HL-60(TB),50,-1,summary,,1.1083802955097577,1.251246529928641,0.14286623441888335,10.0,22.0
LE:HL-60(TB),100,-1,summary,,0.9862930389428257,1.3641756393350621,0.3778826003922364,10.0,22.0
LE:HL-60(TB),200,-1,summary,,0.962611526396471,1.3895095965503035,0.4268980701538325,10.0,22.0
LE:HL-60(TB),500,-1,summary,,0.8344432295505853,1.4085022612005251,0.5740590316499399,10.0,22.0
LE:K-562,50,-1,summary,,1.109187119067023,1.2310107877265577,0.12182366865953465,10.0,22.0
LE:K-562,100,-1,summary,,0.9907693756634877,1.3651089420323566,0.3743395663688689,10.0,22.0
LE:K-562,200,-1,summary,,0.9632270806430022,1.3968404053266326,0.43361332468363034,10.0,22.0
LE:K-562,500,-1,summary,,0.9343106634857146,1.3953175163709723,0.4610068528852578,10.0,22.0
LE:MOLT-4,50,-1,summary,,1.1091826031989642,1.2616396148449054,0.15245701164594117,10.0,15.0
LE:MOLT-4,100,-1,summary,,0.9856161990964649,1.3850315612774797,0.3994153621810148,10.0,15.0
LE:MOLT-4,200,-1,summary,,0.9634524646707903,1.3925971273301874,0.4291446626593971,10.0,15.0
LE:MOLT-4,500,-1,summary,,0.8354414369879929,1.3966967837384971,0.5612553467505043,10.0,15.0
LE:RPMI-8226,50,-1,summary,,1.1099892437413468,1.2956345294999605,0.18564528575861372,10.0,22.0
LE:RPMI-8226,100,-1,summary,,0.990478730537233,1.3806313707712825,0.3901526402340495,10.0,22.0
LE:RPMI-8226,200,-1,summary,,0.9632403771828144,1.3829833603230488,0.4197429831402344,10.0,22.0
LE:RPMI-8226,500,-1,summary,,0.8377586178672515,1.399329633048498,0.5615710151812464,10.0,22.0
LE:SR,50,-1,summary,,1.1094315301172268,1.2899291689989743,0.1804976388817474,10.0,22.0
LE:SR,100,-1,summary,,0.9904655399287003,1.3741995918862817,0.38373405195758137,10.0,22.0
LE:SR,200,-1,summary,,0.963241907387322,1.3884933684247076,0.42525146103738565,10.0,22.0
LE:SR,500,-1,summary,,0.835536016263071,1.383499114123626,0.547963097860555,10.0,22.0
ME:LOX IMVI,50,-1,summary,,1.1095221389253718,1.2771320204047887,0.1676098814794169,10.0,22.0
ME:LOX IMVI,100,-1,summary,,0.9893724357746375,1.3584500986196373,0.36907766284499977,10.0,22.0
ME:LOX IMVI,200,-1,summary,,0.9636047920694077,1.3892170223589861,0.4256122302895784,10.0,22.0
ME:LOX IMVI,500,-1,summary,,0.8376291019927081,1.3917000361374157,0.5540709341447075,10.0,22.0
ME:MALME-3M,50,-1,summary,,1.1098440305928714,1.3269803679127572,0.2171363373198858,10.0,22.0
ME:MALME-3M,100,-1,summary,,0.9883792658215512,1.3687916280822787,0.3804123622607275,10.0,22.0
ME:MALME-3M,200,-1,summary,,0.9628984611392477,1.389088475752295,0.4261900146130473,10.0,22.0
ME:MALME-3M,500,-1,summary,,0.8327812453542953,1.3906459874764625,0.5578647421221672,10.0,22.0
ME:M14,50,-1,summary,,1.108945619239772,1.2736109602589536,0.16466534101918162,10.0,22.0
ME:M14,100,-1,summary,,0.9886136011858344,1.3805421424922941,0.3919285413064597,10.0,22.0
ME:M14,200,-1,summary,,0.9640457952641501,1.383167726155926,0.41912193089177596,10.0,22.0
ME:M14,500,-1,summary,,0.8344935971443799,1.4053366856727858,0.5708430885284059,10.0,22.0
ME:SK-MEL-2,50,-1,summary,,1.1098071086307617,1.2942893932322228,0.1844822846014611,10.0,22.0
ME:SK-MEL-2,100,-1,summary,,0.9911784429572593,1.3724681667627439,0.38128972380548454,10.0,22.0
ME:SK-MEL-2,200,-1,summary,,0.9637100220500734,1.378225288429062,0.4145152663789886,10.0,22.0
ME:SK-MEL-2,500,-1,summary,,0.8376408789942515,1.393135737992457,0.5554948589982054,10.0,22.0
ME:SK-MEL-28,50,-1,summary,,1.1104544731129342,1.2912146774061726,0.18076020429323836,10.0,22.0
ME:SK-MEL-28,100,-1,summary,,0.9883040023452125,1.3447123407014803,0.35640833835626773,10.0,22.0
ME:SK-MEL-28,200,-1,summary,,0.9633312094300199,1.3920395342534995,0.42870832482347954,10.0,22.0
ME:SK-MEL-28,500,-1,summary,,0.8384726374101314,1.400660681456047,0.5621880440459155,10.0,22.0
ME:SK-MEL-5,50,-1,summary,,1.1096666275065104,1.2921420239697723,0.18247539646326194,10.0,22.0
ME:SK-MEL-5,100,-1,summary,,0.9905253205324204,1.3623680075135751,0.37184268698115475,10.0,22.0
ME:SK-MEL-5,200,-1,summary,,0.9634624043977351,1.3915579848204551,0.42809558042272,10.0,22.0
ME:SK-MEL-5,500,-1,summary,,0.8382779361598811,1.4049601357415402,0.5666821995816591,10.0,22.0
ME:UACC-257,50,-1,summary,,1.1084409354663816,1.284159094345147,0.17571815887876552,10.0,22.0
ME:UACC-257,100,-1,summary,,0.9846403754752248,1.3673589152446795,0.3827185397694547,10.0,22.0
ME:UACC-257,200,-1,summary,,0.9629548422081935,1.3914094185205745,0.42845457631238104,10.0,22.0
ME:UACC-257,500,-1,summary,,0.8377947468882775,1.4007876489934603,0.5629929021051828,10.0,22.0
ME:UACC-62,50,-1,summary,,1.1097895156062665,1.3231287124261415,0.213339196819875,10.0,22.0
ME:UACC-62,100,-1,summary,,0.987617141741078,1.3653818065344194,0.3777646647933415,10.0,22.0
ME:UACC-62,200,-1,summary,,0.9629258286757719,1.3886461732635584,0.4257203445877865,10.0,22.0
ME:UACC-62,500,-1,summary,,0.8367075297859133,1.3890718779867919,0.5523643482008785,10.0,22.0
ME:MDA-MB-435,50,-1,summary,,1.1104586922289021,1.3098934356247134,0.19943474339581124,10.0,22.0
ME:MDA-MB-435,100,-1,summary,,1.0056476574630242,1.3590875346934101,0.35343987723038595,10.0,22.0
ME:MDA-MB-435,200,-1,summary,,0.9640538138478858,1.391583386566913,0.42752957271902714,10.0,22.0
ME:MDA-MB-435,500,-1,summary,,0.8345472835686476,1.4075781675942065,0.5730308840255589,10.0,22.0
LC:A549/ATCC,50,-1,summary,,1.108991889353516,1.2916089168884173,0.18261702753490128,10.0,22.0
LC:A549/ATCC,100,-1,summary,,0.988203960552904,1.3728868370930791,0.3846828765401751,10.0,22.0
LC:A549/ATCC,200,-1,summary,,0.9625826529752308,1.3925587136785231,0.4299760607032923,10.0,22.0
LC:A549/ATCC,500,-1,summary,,0.8377947755067712,1.4000501397879066,0.5622553642811354,10.0,22.0
LC:EKVX,50,-1,summary,,1.108346312000308,1.2980348311842183,0.18968851918391016,10.0,22.0
LC:EKVX,100,-1,summary,,0.9859583385093349,1.372668493921839,0.3867101554125041,10.0,22.0
LC:EKVX,200,-1,summary,,0.9628946254203248,1.4054653437498896,0.44257071832956485,10.0,22.0
LC:EKVX,500,-1,summary,,0.8376412939449468,1.4057277629843756,0.5680864690394288,10.0,22.0
LC:HOP-62,50,-1,summary,,1.1088337700442836,1.3279061614930323,0.21907239144874868,10.0,22.0
LC:HOP-62,100,-1,summary,,0.9838622477331886,1.3616086378062682,0.37774639007307953,10.0,22.0
LC:HOP-62,200,-1,summary,,0.9629140531304442,1.3919523855915852,0.429038332461141,10.0,22.0
LC:HOP-62,500,-1,summary,,0.8371053634902366,1.4066061246355095,0.5695007611452729,10.0,22.0
LC:HOP-92,50,-1,summary,,1.109570209263468,1.2952152208960515,0.1856450116325834,10.0,22.0
LC:HOP-92,100,-1,summary,,0.9883281035634551,1.3581275423599553,0.3697994387965001,10.0,22.0
LC:HOP-92,200,-1,summary,,0.9631461055219542,1.3974448922582612,0.43429878673630695,10.0,22.0
LC:HOP-92,500,-1,summary,,0.8368994713764422,1.3994896806536254,0.5625902092771833,10.0,22.0
LC:NCI-H226,50,-1,summary,,1.109828039063604,1.2851614210184474,0.1753333819548435,10.0,22.0
LC:NCI-H226,100,-1,summary,,0.9853964988812492,1.3556030165960178,0.37020651771476853,10.0,22.0
LC:NCI-H226,200,-1,summary,,0.9625526224317669,1.3822629733720082,0.41971035094024134,10.0,22.0
LC:NCI-H226,500,-1,summary,,0.8370020526174962,1.3983393240248563,0.5613372714073601,10.0,22.0
LC:NCI-H322M,50,-1,summary,,1.1078777008078688,1.2907299095428704,0.18285220873500152,10.0,22.0
LC:NCI-H322M,100,-1,summary,,0.9778586594103561,1.3588589708457015,0.3810003114353454,10.0,22.0
LC:NCI-H322M,200,-1,summary,,0.9631363854882442,1.3851052799212682,0.421968894433024,10.0,22.0
LC:NCI-H322M,500,-1,summary,,0.8372018761143368,1.403779066564401,0.5665771904500642,10.0,22.0
LC:NCI-H460,50,-1,summary,,1.1082383991576101,1.2751289535698147,0.16689055441220457,10.0,22.0
LC:NCI-H460,100,-1,summary,,0.9802781101574239,1.3645722969338234,0.3842941867763995,10.0,22.0
LC:NCI-H460,200,-1,summary,,0.9631188376972044,1.401294126814587,0.4381752891173827,10.0,22.0
LC:NCI-H460,500,-1,summary,,0.835167735526228,1.3976900290916368,0.5625222935654087,10.0,22.0
LC:NCI-H522,50,-1,summary,,1.1083932763065047,1.2974583494642546,0.1890650731577499,10.0,15.0
LC:NCI-H522,100,-1,summary,,0.9819844271884006,1.3655587457237925,0.3835743185353919,10.0,15.0
LC:NCI-H522,200,-1,summary,,0.9632784793153133,1.3795651147988013,0.416286635483488,10.0,15.0
LC:NCI-H522,500,-1,summary,,0.8389526987232371,1.4080639621562838,0.5691112634330467,10.0,15.0
OV:IGROV1,50,-1,summary,,1.1092988398536134,1.2712008777961636,0.1619020379425502,10.0,22.0
OV:IGROV1,100,-1,summary,,0.9861929698925448,1.3669062404550112,0.3807132705624664,10.0,22.0
OV:IGROV1,200,-1,summary,,0.9631745200550664,1.3871582349329195,0.423983714877853,10.0,22.0
OV:IGROV1,500,-1,summary,,0.8385700212585442,1.3970638117283127,0.5584937904697685,10.0,22.0
OV:OVCAR-3,50,-1,summary,,1.4084058663323213,1.1548096103841865,-0.25359625594813484,10.0,5.0
OV:OVCAR-3,100,-1,summary,,1.4092003223693443,1.2757797062903982,-0.13342061607894617,10.0,5.0
OV:OVCAR-3,200,-1,summary,,1.4127289727464283,1.3424093298307875,-0.07031964291564075,10.0,5.0
OV:OVCAR-3,500,-1,summary,,1.4140212374358934,1.4117044787754816,-0.0023167586604118107,10.0,5.0
OV:OVCAR-4,50,-1,summary,,1.1092295388070592,1.2613567553107656,0.15212721650370642,10.0,22.0
OV:OVCAR-4,100,-1,summary,,0.9864317692187622,1.3527872690701765,0.36635549985141436,10.0,22.0
OV:OVCAR-4,200,-1,summary,,0.9629116781233537,1.3862059908907094,0.42329431276735574,10.0,22.0
OV:OVCAR-4,500,-1,summary,,0.9342621423760331,1.4000174897570603,0.4657553473810272,10.0,22.0
OV:OVCAR-5,50,-1,summary,,1.1093604521106273,1.2942203192284993,0.18485986711787206,10.0,22.0
OV:OVCAR-5,100,-1,summary,,0.9894297987351962,1.345857725330446,0.3564279265952498,10.0,22.0
OV:OVCAR-5,200,-1,summary,,0.9635796139473469,1.394749418483576,0.4311698045362291,10.0,22.0
OV:OVCAR-5,500,-1,summary,,0.8377702271597799,1.3971348504928367,0.5593646233330568,10.0,22.0
OV:OVCAR-8,50,-1,summary,,1.1097447124647009,1.2682898069322763,0.15854509446757548,10.0,22.0
OV:OVCAR-8,100,-1,summary,,0.9880296568799363,1.3720433707412123,0.38401371386127603,10.0,22.0
OV:OVCAR-8,200,-1,summary,,0.9628225083479275,1.3831468479303652,0.42032433958243776,10.0,22.0
OV:OVCAR-8,500,-1,summary,,0.8335243032138775,1.3993969354521523,0.5658726322382748,10.0,22.0
OV:SK-OV-3,50,-1,summary,,1.1085411368058107,1.2970034120638962,0.18846227525808557,10.0,22.0
OV:SK-OV-3,100,-1,summary,,0.9853764756320265,1.3642085773936938,0.3788321017616674,10.0,22.0
OV:SK-OV-3,200,-1,summary,,0.9630379582564003,1.3965762912072006,0.43353833295080035,10.0,22.0
OV:SK-OV-3,500,-1,summary,,0.8371219651886805,1.4002931366646343,0.5631711714759537,10.0,22.0
OV:NCI/ADR-RES,50,-1,summary,,1.0731011035178912,1.3393056404944292,0.266204536976538,10.0,8.0
OV:NCI/ADR-RES,100,-1,summary,,1.0591027180953594,1.3625078590087678,0.3034051409134084,10.0,8.0
OV:NCI/ADR-RES,200,-1,summary,,1.0265001718294113,1.3858297392631562,0.3593295674337449,10.0,8.0
OV:NCI/ADR-RES,500,-1,summary,,1.0733261091089932,1.4045139234110162,0.33118781430202304,10.0,8.0
PR:PC-3,50,-1,summary,,1.1090537072777569,1.2920903068027174,0.18303659952496054,10.0,22.0
PR:PC-3,100,-1,summary,,0.991843958778272,1.364282629602751,0.372438670824479,10.0,22.0
PR:PC-3,200,-1,summary,,0.9637586894672742,1.3863261414594352,0.42256745199216106,10.0,22.0
PR:PC-3,500,-1,summary,,0.8343768855951017,1.397523508734388,0.5631466231392863,10.0,22.0
PR:DU-145,50,-1,summary,,1.111052547312662,1.2427660924891208,0.13171354517645883,10.0,22.0
PR:DU-145,100,-1,summary,,0.9876655884698239,1.3615252275902212,0.3738596391203973,10.0,22.0
PR:DU-145,200,-1,summary,,0.9623943748612508,1.3928781934392118,0.43048381857796103,10.0,22.0
PR:DU-145,500,-1,summary,,0.9367908087579048,1.4081755015610677,0.471384692803163,10.0,22.0
RE:786-0,50,-1,summary,,1.4130672703435978,1.1647956670273694,-0.24827160331622844,10.0,5.0
RE:786-0,100,-1,summary,,1.411157884794815,1.3174804279440293,-0.09367745685078566,10.0,5.0
RE:786-0,200,-1,summary,,1.4127261193387932,1.3913133562599023,-0.02141276307889095,10.0,5.0
RE:786-0,500,-1,summary,,1.4141443949312091,1.4087086044942405,-0.005435790436968624,10.0,5.0
RE:A498,50,-1,summary,,1.1084094430752556,1.2629164711480851,0.15450702807282957,10.0,22.0
RE:A498,100,-1,summary,,0.9870492370303325,1.3551018232786207,0.3680525862482882,10.0,22.0
RE:A498,200,-1,summary,,0.9639427953996748,1.393745349362559,0.42980255396288414,10.0,22.0
RE:A498,500,-1,summary,,0.9378247188411916,1.4007820288829027,0.46295731004171115,10.0,22.0
RE:ACHN,50,-1,summary,,1.0661987531305257,1.3511579586924942,0.2849592055619685,10.0,7.0
RE:ACHN,100,-1,summary,,1.1068784314770361,1.3959574002829243,0.2890789688058881,10.0,7.0
RE:ACHN,200,-1,summary,,1.0284801060783642,1.3993875078448095,0.3709074017664453,10.0,7.0
RE:ACHN,500,-1,summary,,1.0174347913472999,1.4111663661463383,0.3937315747990384,10.0,7.0
RE:CAKI-1,50,-1,summary,,1.1092041841155542,1.2794926434978153,0.17028845938226111,10.0,15.0
RE:CAKI-1,100,-1,summary,,1.0046034138075457,1.3830694517505697,0.378466037943024,10.0,15.0
RE:CAKI-1,200,-1,summary,,0.9628201999482794,1.3919698394886986,0.4291496395404192,10.0,15.0
RE:CAKI-1,500,-1,summary,,0.8372590108280803,1.3966563002515606,0.5593972894234803,10.0,15.0
RE:RXF 393,50,-1,summary,,1.0462820840310796,1.27224402552692,0.22596194149584048,10.0,4.0
RE:RXF 393,100,-1,summary,,1.2056125777136628,1.3329860055262905,0.12737342781262773,10.0,4.0
RE:RXF 393,200,-1,summary,,1.2252700913171084,1.3875991726718957,0.1623290813547873,10.0,4.0
RE:RXF 393,500,-1,summary,,1.1872467991339928,1.4084230800201891,0.22117628088619634,10.0,4.0
RE:SN12C,50,-1,summary,,1.1083483322861354,1.2734513403129228,0.16510300802678746,10.0,22.0
RE:SN12C,100,-1,summary,,0.9852991318365513,1.3614725937704908,0.3761734619339395,10.0,22.0
RE:SN12C,200,-1,summary,,0.9627649252148549,1.3865127132676704,0.42374778805281554,10.0,22.0
RE:SN12C,500,-1,summary,,0.9375797524570386,1.3935381662393076,0.455958413782269,10.0,22.0
RE:TK-10,50,-1,summary,,1.1091623722556536,1.2970378924927837,0.18787552023713006,10.0,22.0
RE:TK-10,100,-1,summary,,0.9880131376299812,1.364606564783132,0.3765934271531508,10.0,22.0
RE:TK-10,200,-1,summary,,0.9623620551905439,1.3922350728234771,0.4298730176329333,10.0,22.0
RE:TK-10,500,-1,summary,,0.8374208742994342,1.405575408133279,0.5681545338338447,10.0,22.0
RE:UO-31,50,-1,summary,,1.1097038870919131,1.265022903508704,0.1553190164167908,10.0,22.0
RE:UO-31,100,-1,summary,,0.9901719053034029,1.3471684114317035,0.3569965061283006,10.0,22.0
RE:UO-31,200,-1,summary,,0.9635983486072877,1.3846016389226206,0.4210032903153329,10.0,22.0
RE:UO-31,500,-1,summary,,0.8381531215156501,1.4101964601607286,0.5720433386450785,10.0,22.0
